level,QRCode,Phase,Message
info,12001,准备阶段,[固件升级] 准备阶段开始，文件: D:/Project/CYTC_Project/OHB80PortMonitor/OHB_V_1_0_APP_0518.bin
info,12001,准备阶段,[固件升级] 发送准备升级指令: 01 06 00 AA 00 00 A9 EA
info,12001,准备阶段,[固件升级] 准备升级响应成功: 01 06 00 AA 00 00 A9 EA
info,12001,等待设备,[固件升级] 等待设备准备就绪 1000 ms
info,12001,等待设备,[固件升级] 设备等待完毕（1000 ms），开始数据传输
info,12001,数据传输,[固件升级] 发送第一帧（256 字节，数据区 248 字节）
info,12001,数据帧,01 06 00 BB 74 96 55 AA 78 84 00 20 61 02 0C 08 39 42 0C 08 59 32 0C 08 A1 3A 0C 08 89 0A 0C 08 69 51 0C 08 00 00 00 00 00 00 00 00 00 00 00 00 00 00 00 00 A1 01 0C 08 61 0B 0C 08 00 00 00 00 FD 01 0C 08 AD 49 0C 08 7B 02 0C 08 7B 02 0C 08 7B 02 0C 08 7B 02 0C 08 7B 02 0C 08 7B 02 0C 08 7B 02 0C 08 7B 02 0C 08 7B 02 0C 08 7B 02 0C 08 7B 02 0C 08 7B 02 0C 08 8D 0A 0C 08 7B 02 0C 08
info,12001,数据帧,7B 02 0C 08 7B 02 0C 08 7B 02 0C 08 7B 02 0C 08 7B 02 0C 08 7B 02 0C 08 7B 02 0C 08 7B 02 0C 08 7B 02 0C 08 7B 02 0C 08 7B 02 0C 08 8D 4A 0C 08 7B 02 0C 08 7B 02 0C 08 7B 02 0C 08 7B 02 0C 08 7B 02 0C 08 7B 02 0C 08 7B 02 0C 08 7B 02 0C 08 7B 02 0C 08 7B 02 0C 08 7B 02 0C 08 C9 50 0C 08 7B 02 0C 08 DD 50 0C 08 7B 02 0C 08 7B 02 0C 08 7B 02 0C 08 7B 02 0C 08 7B 02 0C 08 7B 02 0C 08
info,12001,数据传输,[固件升级] 发送数据帧 2/117（256 字节）
info,12001,数据帧,7B 02 0C 08 7B 02 0C 08 7B 02 0C 08 7B 02 0C 08 7B 02 0C 08 7B 02 0C 08 7B 02 0C 08 7B 02 0C 08 99 4A 0C 08 7B 02 0C 08 99 0A 0C 08 A5 0A 0C 08 B1 0A 0C 08 7B 02 0C 08 7B 02 0C 08 00 00 00 00 00 00 00 00 7B 02 0C 08 7B 02 0C 08 7B 02 0C 08 7B 02 0C 08 7B 02 0C 08 7B 02 0C 08 7B 02 0C 08 7B 02 0C 08 F1 50 0C 08 7B 02 0C 08 7B 02 0C 08 7B 02 0C 08 7B 02 0C 08 7B 02 0C 08 7B 02 0C 08
info,12001,数据帧,00 00 00 00 00 00 00 00 7B 02 0C 08 7B 02 0C 08 DF F8 10 D0 00 F0 4A FB 00 48 00 47 A1 55 0C 08 AF F3 00 80 78 84 00 20 2C 4B 19 68 08 68 B0 E8 F0 4F 80 F3 09 88 BF F3 6F 8F 4F F0 00 00 80 F3 11 88 70 47 00 00 00 00 08 48 00 68 00 68 80 F3 08 88 4F F0 00 00 80 F3 14 88 62 B6 61 B6 BF F3 4F 8F BF F3 6F 8F 00 DF 00 BF 00 BF 08 ED 00 E0 DF F8 0C 00 01 68 41 F4 70 01 01 60 70 47 00 BF
info,12001,数据传输,[固件升级] 发送数据帧 3/117（256 字节）
info,12001,数据帧,88 ED 00 E0 EF F3 09 80 BF F3 6F 8F 13 4B 1A 68 1E F0 10 0F 08 BF 20 ED 10 8A 20 E9 F0 4F 10 60 09 B4 4F F0 50 00 80 F3 11 88 BF F3 4F 8F BF F3 6F 8F 06 F0 F9 F9 4F F0 00 00 80 F3 11 88 09 BC 19 68 08 68 B0 E8 F0 4F 1E F0 10 0F 08 BF B0 EC 10 8A 80 F3 09 88 BF F3 6F 8F 70 47 3C 05 00 20 EF F3 05 80 70 47 00 00 06 48 80 47 06 48 00 47 FE E7 FE E7 FE E7 FE E7 FE E7 FE E7 FE E7 FE E7
info,12001,数据帧,FE E7 FE E7 7D 4A 0C 08 89 01 0C 08 2D E9 F0 5F 05 46 00 20 92 46 9B 46 88 46 06 46 81 46 40 24 1B E0 28 46 41 46 47 46 22 46 00 F0 40 FA 53 46 5A 46 C0 1A 91 41 10 D3 11 46 18 46 22 46 00 F0 27 FA 2D 1A 67 EB 01 08 4F 46 22 46 01 20 00 21 00 F0 1E FA 17 EB 00 09 4E 41 20 1E A4 F1 01 04 DF DC 48 46 31 46 2A 46 43 46 BD E8 F0 9F 00 00 06 49 07 4A 08 68 50 43 43 F2 39 02 10 44 08 60
info,12001,数据传输,[固件升级] 发送数据帧 4/117（256 字节）
info,12001,数据帧,40 08 70 47 01 49 08 60 70 47 00 00 BC 05 00 20 6D 4E C6 41 40 EA 01 03 9B 07 03 D0 09 E0 08 C9 12 1F 08 C0 04 2A FA D2 03 E0 11 F8 01 3B 00 F8 01 3B 52 1E F9 D2 70 47 D2 B2 01 E0 00 F8 01 2B 49 1E FB D2 70 47 00 22 F6 E7 10 B5 13 46 0A 46 04 46 19 46 FF F7 F0 FF 20 46 10 BD 2D E9 FE 4F 80 46 81 EA 03 00 C0 0F 0C 46 00 90 21 F0 00 41 23 F0 00 45 B8 EB 02 00 A9 41 05 D2 40 46 21 46
info,12001,数据帧,90 46 1C 46 0B 46 02 46 23 F0 00 40 10 43 47 D0 27 0D C7 F3 0A 00 C3 F3 0A 51 02 90 40 1A 01 90 40 28 6B DA C3 F3 13 00 40 F4 80 1B 00 98 92 46 20 B1 00 23 D2 EB 03 0A 63 EB 0B 0B 01 98 59 46 C0 F1 40 02 50 46 00 F0 A3 F9 06 46 0D 46 50 46 59 46 01 9A 00 F0 BB F9 10 EB 08 00 61 41 00 24 87 EA 11 52 84 EA E7 73 1A 43 40 D0 00 9A 62 B3 01 9A 01 2A 4F EA 07 52 15 DC 00 1B 61 EB 02 01
info,12001,数据传输,[固件升级] 发送数据帧 5/117（256 字节）
info,12001,数据帧,4F F0 00 42 02 EA 07 52 CD E9 00 42 00 1C 41 F5 80 11 32 46 2B 46 00 F0 BB F9 03 B0 BD E8 F0 8F 40 46 21 46 F9 E7 00 1B 61 EB 02 01 00 1C 41 F5 80 13 00 18 5B 41 20 18 A2 F5 00 17 47 EB 03 01 40 EA D5 70 B6 19 6D 41 11 E0 6D 08 4F EA 36 06 45 EA C0 75 4F EA 07 52 00 1B 61 EB 02 01 00 1C 41 F5 80 11 49 08 4F EA 30 00 00 19 51 41 32 46 2B 46 03 B0 BD E8 F0 4F 00 F0 7B B9 00 98 01 22
info,12001,数据帧,40 00 00 23 D0 EB 02 02 63 EB E0 73 00 98 21 46 4F EA E0 74 B8 EB 00 00 61 EB 04 01 E9 E7 83 F0 00 43 5B E7 81 F0 00 41 58 E7 2D E9 FE 4F 81 EA 03 04 04 F0 00 44 21 F0 00 41 00 94 4F F0 00 0B 23 F0 00 43 50 EA 01 04 5E D0 52 EA 03 04 5B D0 C3 F3 0A 54 C1 F3 0A 55 2C 44 A4 F2 F3 34 01 94 A0 FB 02 54 C1 F3 13 01 41 F4 80 11 C3 F3 13 03 43 F4 80 13 01 FB 02 44 00 FB 03 4E 84 0A 97 0A
info,12001,数据传输,[固件升级] 发送数据帧 6/117（256 字节）
info,12001,数据帧,44 EA 81 54 47 EA 83 57 A4 FB 07 68 02 95 8D 0A 05 FB 07 85 4F EA 93 2C 04 FB 0C 54 27 05 02 9D 4F EA 06 58 47 EA 16 37 B5 EB 08 05 6E EB 07 0C 87 0E 92 0E 47 EA 81 17 42 EA 83 12 A7 FB 02 01 B6 EB 0B 01 64 EB 00 04 2B 0D 43 EA 0C 33 5E 18 44 EB 1C 50 DA 46 51 46 E7 FB 02 01 C5 F3 13 04 4F EA 0B 33 43 EA 14 53 4F EA 04 32 01 9C 43 EA 06 03 A4 F1 0C 04 02 94 00 9C CD E9 00 B4 00 F0
info,12001,数据帧,07 F9 03 B0 BD E8 F0 8F 00 20 01 46 F9 E7 2D E9 F0 4D 81 EA 03 04 04 F0 00 4B 21 F0 00 45 14 46 4F F0 00 0A 23 F0 00 41 50 EA 05 02 20 D0 54 EA 01 02 1D D0 C5 F3 0A 57 02 46 C5 F3 13 03 C1 F3 13 00 C1 F3 0A 56 40 F4 80 15 43 F4 80 13 A7 EB 06 08 10 1B D6 46 08 F2 FD 38 73 EB 05 00 02 D3 08 F1 01 08 01 E0 92 18 5B 41 B8 F1 00 0F 03 DA 00 20 01 46 BD E8 F0 8D 00 20 4F F4 80 11 06 46
info,12001,数据传输,[固件升级] 发送数据帧 7/117（256 字节）
info,12001,数据帧,84 46 0E E0 17 1B 73 EB 05 07 05 D3 12 1B 63 EB 05 03 06 43 4C EA 01 0C 49 08 4F EA 30 00 92 18 5B 41 50 EA 01 07 ED D1 52 EA 03 00 12 D0 82 EA 04 00 83 EA 05 01 08 43 05 D0 10 1B AB 41 06 D2 01 22 00 23 06 E0 00 22 4F F0 00 43 02 E0 6F F0 01 02 53 10 1A EB 06 00 4C EB 08 51 10 EB 0A 00 41 EB 0B 01 BD E8 F0 4D 00 F0 83 B8 0E B5 40 F2 33 41 02 91 00 21 CD E9 00 11 0A 46 0B 46 00 F0
info,12001,数据帧,87 F8 03 B0 00 BD C1 F3 0A 52 10 B5 C1 F3 13 01 40 F2 FF 33 41 F4 80 11 9A 42 01 DA 00 20 10 BD 40 F2 33 43 9A 42 A2 F2 33 42 03 DC 52 42 00 F0 3E F8 10 BD 90 40 10 BD 00 F0 00 42 30 F0 00 40 0A D0 C1 0D 01 F5 60 71 C0 F3 16 00 42 EA 01 51 C2 08 40 07 11 43 70 47 00 20 01 46 70 47 00 00 30 B5 04 1E 71 F1 00 04 04 DB 4F F0 00 44 40 42 64 EB 01 01 14 1E 73 F1 00 04 05 DB 1C 46 4F F0
info,12001,数据传输,[固件升级] 发送数据帧 8/117（256 字节）
info,12001,数据帧,00 43 52 42 63 EB 04 03 99 42 08 BF 90 42 30 BD 20 2A 04 DB 20 3A 00 FA 02 F1 00 20 70 47 91 40 C2 F1 20 03 20 FA 03 F3 19 43 90 40 70 47 20 2A 04 DB 20 3A 21 FA 02 F0 00 21 70 47 21 FA 02 F3 D0 40 C2 F1 20 02 91 40 08 43 19 46 70 47 20 2A 06 DB CB 17 20 3A 41 FA 02 F0 43 EA E0 73 06 E0 41 FA 02 F3 D0 40 C2 F1 20 02 91 40 08 43 19 46 70 47 10 B5 14 1E 73 F1 00 04 08 DA 40 1C 41 F1
info,12001,数据帧,00 01 92 18 5B 41 1A 43 01 D1 20 F0 01 00 10 BD 2D E9 F0 4D 92 46 9B 46 11 B1 B1 FA 81 F2 02 E0 B0 FA 80 F2 20 32 90 46 FF F7 B2 FF 04 46 0F 46 40 EA 0A 00 41 EA 0B 01 53 46 5A 46 08 43 13 D0 11 46 53 EA 01 00 19 D0 C8 F1 40 02 50 46 FF F7 AE FF 05 46 0E 46 50 46 59 46 42 46 FF F7 98 FF 08 43 05 D0 01 20 04 E0 20 46 39 46 BD E8 F0 8D 00 20 05 43 46 EA E0 76 2C 43 37 43 0A 98 63 05
info,12001,数据传输,[固件升级] 发送数据帧 9/117（256 字节）
info,12001,数据帧,E4 0A A0 EB 08 00 00 22 FD 0A 44 EA 47 54 0A 30 02 D5 00 20 01 46 E9 E7 01 05 10 19 69 41 DD E9 08 45 00 19 69 41 BD E8 F0 4D A2 E7 06 4C 07 4D 06 E0 E0 68 40 F0 01 03 94 E8 07 00 98 47 10 34 AC 42 F6 D3 FF F7 A8 FC 14 74 0C 08 34 74 0C 08 70 B5 8C 18 10 F8 01 5B 15 F0 07 03 01 D1 10 F8 01 3B 2A 11 06 D1 10 F8 01 2B 03 E0 10 F8 01 6B 01 F8 01 6B 5B 1E F9 D1 2B 07 05 D4 00 23 52 1E
info,12001,数据帧,0D D4 01 F8 01 3B FA E7 10 F8 01 3B CB 1A 92 1C 03 E0 13 F8 01 5B 01 F8 01 5B 52 1E F9 D5 A1 42 D8 D3 00 20 70 BD 10 B5 01 46 80 6B 02 6C 12 F0 50 0F 05 D0 02 6C D2 06 26 D5 00 F0 61 FF 10 BD 01 6C 41 F4 00 71 01 64 01 68 8A 68 12 F0 40 5F 17 D1 02 7E AA B9 CA 6A 12 F4 70 0F 02 D0 8A 68 52 05 0E D4 4A 68 22 F0 20 02 4A 60 01 6C 21 F4 80 71 01 64 01 6C C9 04 03 D4 01 6C 41 F0 01 01
info,12001,数据传输,[固件升级] 发送数据帧 10/117（256 字节）
info,12001,数据帧,01 64 00 F0 3B FF 10 BD 80 6B C2 6C BD E8 10 40 08 46 10 47 10 B5 80 6B 40 21 01 64 41 6C 41 F0 04 01 41 64 00 F0 2C FF 10 BD 10 B5 80 6B 00 F0 26 FF 10 BD 46 49 10 B5 4A 68 22 F4 40 32 4A 60 4A 68 43 68 1A 43 4A 60 01 68 4A 68 22 F4 80 72 4A 60 01 68 4A 68 03 69 42 EA 03 22 4A 60 01 68 4A 68 22 F0 40 72 4A 60 01 68 4A 68 83 68 1A 43 4A 60 01 68 8A 68 22 F4 00 62 8A 60 01 68 8A 68
info,12001,数据帧,C3 68 1A 43 8A 60 81 6A 6F F0 70 62 D1 42 01 68 8A 68 22 F0 70 62 8A 60 01 68 8A 68 0C D0 83 6A 1A 43 8A 60 01 68 8A 68 22 F0 40 52 8A 60 01 68 8A 68 C3 6A 1A 43 01 E0 22 F0 40 52 8A 60 01 68 8A 68 22 F0 02 02 8A 60 01 68 8A 68 03 7E 42 EA 43 02 8A 60 90 F8 20 10 00 29 01 68 4A 68 0F D0 42 F4 00 62 4A 60 01 68 4A 68 22 F4 60 42 4A 60 01 68 4A 68 17 4C 43 6A 04 EB 43 33 1A 43 01 E0
info,12001,数据传输,[固件升级] 发送数据帧 11/117（256 字节）
info,12001,数据帧,22 F4 00 62 4A 60 01 68 CA 6A 22 F4 70 02 CA 62 01 68 CA 6A 83 8B 10 4C 04 EB 03 53 1A 43 CA 62 01 68 8A 68 22 F4 00 72 8A 60 01 68 8A 68 90 F8 30 30 42 EA 43 22 8A 60 01 68 8A 68 22 F4 80 62 8A 60 01 68 8A 68 40 69 42 EA 80 20 88 60 10 BD 00 23 01 40 00 E0 FF FF 00 00 F0 FF 10 B5 04 46 01 F0 F2 F9 02 21 03 20 00 F0 B8 FB 0A 20 01 F0 91 F9 00 23 22 46 05 49 18 46 01 F0 A7 F9 0A 20
info,12001,数据帧,01 F0 88 F9 BD E8 10 40 01 F0 96 B9 00 C0 00 08 FE E7 00 00 01 48 00 F0 F1 BF 00 00 78 36 00 20 01 48 00 F0 EB BF 00 00 BC 33 00 20 01 48 00 F0 E5 BF 00 00 D8 36 00 20 01 48 00 F0 DF BF 00 00 18 36 00 20 01 68 18 23 CA B2 10 3A B2 FB F3 F2 05 4B 6F F3 09 01 03 2A 9B 5C C3 65 00 D9 09 1D 81 65 08 46 70 47 00 00 C4 73 0C 08 10 B5 01 46 00 20 8B 69 8A 6A 4F F0 C0 74 53 B1 B3 F5 00 5F
info,12001,数据传输,[固件升级] 发送数据帧 12/117（256 字节）
info,12001,数据帧,15 D0 72 B1 01 2A 0C D0 02 2A 0A D0 03 2A 09 D1 04 E0 1A B1 01 2A 06 D0 02 2A 03 D1 C9 6A C9 01 00 D5 01 20 10 BD C9 6A A1 42 FA D0 10 BD 00 2A F7 D0 01 2A F2 D0 02 2A F3 D0 03 2A F3 D0 10 BD 30 B5 04 68 25 68 25 F4 80 25 25 60 04 68 63 60 83 68 40 2B 03 68 03 D0 99 60 00 68 C2 60 30 BD 9A 60 00 68 C1 60 30 BD 70 47 00 00 10 B5 00 F0 F7 F9 00 22 4F F4 80 41 04 48 01 F0 6B FA A0 20
info,12001,数据帧,00 F0 EA FA 00 28 00 D0 02 20 10 BD 00 04 02 40 7F B5 00 26 8D F8 04 60 01 A9 30 46 00 F0 64 F8 9D F8 04 00 5A 28 02 D0 00 F0 C6 F8 7F BD 02 22 69 46 01 20 00 96 00 F0 81 F8 BD F8 00 00 28 4D 40 BA 02 22 28 86 69 46 03 20 00 F0 77 F8 BD F8 00 00 02 A9 40 BA 68 86 8D F8 08 60 05 20 00 F0 43 F8 9D F8 08 00 1F 4C 00 28 A0 78 02 D0 40 F0 20 00 01 E0 20 F0 20 00 A0 70 02 22 69 46 06 20
info,12001,数据传输,[固件升级] 发送数据帧 13/117（256 字节）
info,12001,数据帧,00 F0 5C F8 BD F8 00 00 15 49 40 BA 68 81 02 22 08 31 08 20 00 F0 52 F8 02 22 69 46 0A 20 00 F0 4D F8 BD F8 00 00 02 22 40 BA E8 82 69 46 0C 20 00 F0 44 F8 BD F8 00 00 03 A9 40 BA 28 83 8D F8 0C 60 0E 20 00 F0 10 F8 9D F8 0C 00 00 28 20 79 02 D0 40 F0 80 00 01 E0 20 F0 80 00 20 71 7F BD 54 00 00 20 4F 00 00 20 70 B5 0C 46 05 46 FF 28 09 D8 44 B1 00 F0 02 FA A0 20 00 F0 D3 F9 00 F0
info,12001,数据帧,41 FA 78 B9 01 E0 01 20 70 BD E8 B2 00 F0 CA F9 00 F0 38 FA 00 F0 F2 F9 A1 20 00 F0 C3 F9 00 F0 31 FA 18 B1 00 F0 0A FA 03 20 70 BD 00 20 00 F0 85 F9 20 70 00 F0 02 FA 00 20 70 BD 2D E9 F0 41 15 46 0E 46 04 46 FF 28 05 D8 26 B1 1D B1 60 19 B0 F5 80 7F 02 D9 01 20 BD E8 F0 81 00 F0 CE F9 A0 20 00 F0 9F F9 00 F0 0D FA 68 B9 E0 B2 00 F0 99 F9 00 F0 07 FA 38 B9 00 F0 C0 F9 A1 20 00 F0
info,12001,数据传输,[固件升级] 发送数据帧 14/117（256 字节）
info,12001,数据帧,91 F9 00 F0 FF F9 18 B1 00 F0 D8 F9 03 20 E3 E7 00 24 6F 1E 09 E0 BC 42 01 D1 00 20 00 E0 01 20 00 F0 4C F9 30 55 64 1C A4 B2 AC 42 F3 D3 00 F0 C5 F9 00 20 D0 E7 00 00 38 B5 00 20 5A 21 00 90 00 F0 8E F8 05 20 04 F0 06 FC 31 4C 02 22 20 8E 01 0A 8D F8 00 10 8D F8 01 00 69 46 01 20 00 F0 A4 F8 05 20 04 F0 F7 FB 60 8E 02 22 01 0A 8D F8 00 10 8D F8 01 00 69 46 03 20 00 F0 96 F8 05 20
info,12001,数据帧,04 F0 E9 FB 23 4D A8 78 C0 F3 40 11 05 20 00 F0 67 F8 05 20 04 F0 DF FB 60 89 02 22 01 0A 8D F8 00 10 8D F8 01 00 69 46 06 20 00 F0 7E F8 05 20 04 F0 D1 FB 02 22 04 F1 08 01 08 20 00 F0 75 F8 05 20 04 F0 C8 FB E0 8A 02 22 01 0A 8D F8 00 10 8D F8 01 00 69 46 0A 20 00 F0 67 F8 05 20 04 F0 BA FB 20 8B 02 22 01 0A 8D F8 00 10 8D F8 01 00 69 46 0C 20 00 F0 59 F8 05 20 04 F0 AC FB 28 79
info,12001,数据传输,[固件升级] 发送数据帧 15/117（256 字节）
info,12001,数据帧,C1 09 0E 20 00 F0 2C F8 05 20 04 F0 A4 FB 38 BD 54 00 00 20 4F 00 00 20 10 B5 02 22 04 49 08 20 00 F0 43 F8 BD E8 10 40 0A 20 04 F0 94 BB 00 00 5C 00 00 20 08 B5 00 20 00 90 08 48 02 22 40 89 01 0A 8D F8 00 10 8D F8 01 00 69 46 06 20 00 F0 2C F8 0A 20 04 F0 7F FB 08 BD 00 00 54 00 00 20 70 B5 0D 46 04 46 FF 28 01 D9 01 20 70 BD 00 F0 05 F9 A0 20 00 F0 D6 F8 00 F0 44 F9 50 B9 E0 B2
info,12001,数据帧,00 F0 D0 F8 00 F0 3E F9 28 46 00 F0 CB F8 00 F0 39 F9 18 B1 00 F0 12 F9 02 20 70 BD 00 F0 0E F9 05 20 04 F0 58 FB 00 20 70 BD 70 B5 15 46 0E 46 04 46 FF 28 0C D8 5E B1 55 B1 04 F0 07 00 C0 F1 08 00 85 42 00 D9 05 46 60 19 B0 F5 80 7F 01 D9 01 20 70 BD 00 F0 D2 F8 A0 20 00 F0 A3 F8 00 F0 11 F9 68 B9 E0 B2 00 F0 9D F8 00 F0 0B F9 38 B9 00 24 0B E0 30 5D 00 F0 95 F8 00 F0 03 F9 18 B1
info,12001,数据传输,[固件升级] 发送数据帧 16/117（256 字节）
info,12001,数据帧,00 F0 DC F8 02 20 70 BD 64 1C A4 B2 AC 42 F1 D3 00 F0 D4 F8 0A 20 04 F0 1E FB 00 20 70 BD 00 00 70 B5 0D 4C 00 25 C4 F8 B0 52 0C 48 01 68 21 F0 40 61 01 60 01 68 41 F0 80 61 01 60 C4 F8 B4 52 02 20 04 F5 2C 74 04 F0 13 FB 01 20 20 60 02 20 04 F0 0E FB 25 60 70 BD 00 80 40 42 00 04 02 40 03 48 01 21 C0 F8 B4 12 C0 F8 B0 12 70 47 00 00 00 80 40 42 70 B5 0F 4C 00 26 C4 F8 B0 62 0E 48
info,12001,数据帧,01 68 21 F0 40 61 01 60 01 68 41 F0 80 61 01 60 01 25 C4 F8 B4 52 02 20 04 F5 2C 74 04 F0 E8 FA 25 60 02 20 04 F0 E4 FA 26 60 BD E8 70 40 02 20 04 F0 DE BA 00 80 40 42 00 04 02 40 2D E9 F0 47 81 46 16 48 00 24 01 68 21 F0 40 61 01 60 01 68 01 60 13 4E 25 46 27 46 4F F0 01 08 C6 F8 B0 72 02 20 04 F0 C5 FA C6 F8 B0 82 60 06 04 0E D6 F8 34 02 08 B1 64 1C E4 B2 02 20 04 F0 B9 FA 6D 1C
info,12001,数据传输,[固件升级] 发送数据帧 17/117（256 字节）
info,12001,数据帧,ED B2 08 2D EA D3 B9 F1 00 0F 04 D0 FF F7 88 FF 20 46 BD E8 F0 87 FF F7 AD FF F9 E7 00 04 02 40 00 80 40 42 2D E9 F0 41 05 46 12 48 01 68 21 F0 40 61 01 60 01 68 41 F0 80 61 01 60 0E 4E 00 27 C6 F8 B0 72 3C 46 4F F0 01 08 E8 09 C6 F8 B4 02 68 06 05 0E 02 20 04 F0 8B FA C6 F8 B0 82 02 20 04 F0 86 FA C6 F8 B0 72 64 1C E4 B2 08 2C EC D3 BD E8 F0 81 00 04 02 40 00 80 40 42 0D 48 10 B5
info,12001,数据帧,01 68 21 F0 40 61 01 60 01 68 41 F0 80 61 01 60 09 4C 01 20 C4 F8 B4 02 C4 F8 B0 02 02 20 04 F5 2C 74 04 F0 65 FA 00 20 60 60 BD E8 10 40 02 20 04 F0 5E BA 00 04 02 40 00 80 40 42 70 B5 0F 48 01 68 21 F0 40 61 01 60 01 68 41 F0 80 61 01 60 0B 4C 00 20 C4 F8 B0 02 C4 F8 B4 02 02 20 04 F5 2C 74 04 F0 45 FA 01 25 25 60 02 20 04 F0 40 FA 65 60 BD E8 70 40 02 20 04 F0 3A BA 00 04 02 40
info,12001,数据传输,[固件升级] 发送数据帧 18/117（256 字节）
info,12001,数据帧,00 80 40 42 70 B5 12 48 00 24 01 68 21 F0 40 61 01 60 01 68 01 60 0F 4D 01 26 C5 F8 B4 62 02 20 04 F0 26 FA C5 F8 B0 62 02 20 08 E0 64 1C E4 B2 FA 2C 03 D9 FF F7 C2 FF 01 20 70 BD 01 20 04 F0 17 FA D5 F8 34 02 00 28 F0 D1 C5 F8 B0 02 70 BD 00 04 02 40 00 80 40 42 10 B5 04 46 FF F7 8E FF 20 46 FF F7 5F FF FF F7 CD FF 04 46 FF F7 A6 FF 20 46 10 BD 70 B5 16 4C 40 F0 80 00 13 4D 22 78
info,12001,数据帧,84 F8 0C 21 22 46 82 F8 0D 01 10 46 80 F8 0E 11 03 21 00 F5 86 70 29 70 06 46 02 F0 87 FC 68 80 29 78 62 18 49 1C 82 F8 0C 01 CA B2 A1 18 00 0A 81 F8 0C 01 52 1C D2 B2 2A 70 31 46 05 48 02 F0 22 F8 BD E8 70 40 02 20 04 F0 C5 B9 00 00 00 20 94 00 00 20 4C 35 00 20 72 B6 FE E7 00 22 29 B1 01 29 1A D0 02 29 1B D0 4F F4 40 72 0E 49 0B 68 23 F4 40 73 0B 60 0B 68 13 43 0B 60 0A 68 22 F0
info,12001,数据传输,[固件升级] 发送数据帧 19/117（256 字节）
info,12001,数据帧,F8 02 0A 60 0A 68 02 23 03 EB C0 00 02 43 0A 60 08 68 40 F4 80 30 08 60 70 47 4F F4 80 72 E5 E7 4F F4 00 72 E2 E7 00 00 10 3C 02 40 06 4A 13 68 23 F4 40 73 13 60 13 68 13 60 13 68 43 F0 01 03 13 60 01 70 70 47 00 00 10 3C 02 40 09 49 10 B5 0C 68 24 F4 40 74 0C 60 0C 68 44 F4 40 74 0C 60 0C 68 44 F0 01 04 0C 60 02 60 BF F3 6F 8F 43 60 10 BD 00 00 10 3C 02 40 07 4A 13 68 23 F4 40 73
info,12001,数据帧,13 60 13 68 43 F4 80 73 13 60 13 68 43 F0 01 03 13 60 01 80 70 47 00 00 10 3C 02 40 07 4A 13 68 23 F4 40 73 13 60 13 68 43 F4 00 73 13 60 13 68 43 F0 01 03 13 60 01 60 70 47 00 00 10 3C 02 40 17 49 08 68 C2 06 17 48 05 D5 C2 69 42 F0 10 02 C2 61 10 22 0A 60 0A 68 92 06 05 D5 C2 69 42 F0 08 02 C2 61 20 22 0A 60 0A 68 52 06 05 D5 C2 69 42 F0 04 02 C2 61 40 22 0A 60 0A 68 12 06 05 D5
info,12001,数据传输,[固件升级] 发送数据帧 20/117（256 字节）
info,12001,数据帧,C2 69 42 F0 02 02 C2 61 80 22 0A 60 0A 68 92 07 05 D5 C2 69 42 F0 20 02 C2 61 02 20 08 60 70 47 0C 3C 02 40 80 37 00 20 70 B5 11 49 04 46 00 20 C8 61 00 F0 95 FE 05 46 0E 4E 09 E0 60 1C 07 D0 24 B1 00 F0 8D FE 40 1B A0 42 01 D9 03 20 70 BD 30 68 C0 03 F2 D4 30 68 C0 07 01 D0 01 20 30 60 30 68 10 F0 F2 00 F2 D0 FF F7 AA FF 01 20 70 BD 80 37 00 20 0C 3C 02 40 30 B5 10 4A 10 7F 01 28
info,12001,数据帧,1B D1 50 7F 01 28 18 D0 11 8A 93 7B 50 6A 41 EA 03 21 8B B2 D1 8B 01 25 09 4C 81 42 06 D3 B3 F5 48 7F 03 D2 20 78 20 F0 40 00 04 E0 81 42 04 D2 20 78 40 F0 40 00 20 70 55 77 30 BD 54 00 00 20 4F 00 00 20 0F 4B 10 B5 98 6A 0A 28 16 D3 0E 48 01 21 C0 F8 8C 12 00 22 C0 F8 90 22 C0 F8 94 12 C0 F8 98 22 09 4C A0 78 C0 07 07 D1 18 89 40 BA 01 F0 38 FF A0 78 40 F0 01 00 A0 70 BD E8 10 40
info,12001,数据传输,[固件升级] 发送数据帧 21/117（256 字节）
info,12001,数据帧,03 F0 84 BE 54 00 00 20 00 80 40 42 4F 00 00 20 06 48 00 21 C0 F8 8C 12 01 21 C0 F8 90 12 C0 F8 98 12 C0 F8 9C 12 03 F0 71 BE 00 00 00 80 40 42 1C B5 01 21 8D F8 00 10 06 21 8D F8 01 10 02 0A 8D F8 02 20 8D F8 03 00 00 20 8D F8 04 00 8D F8 05 00 68 46 02 F0 2A FB 8D F8 06 00 00 0A 8D F8 07 00 08 22 69 46 03 48 01 F0 CD FE 05 20 00 F0 91 FC 1C BD 4C 35 00 20 10 B5 FE F7 39 FF 63 21
info,12001,数据帧,90 FB F1 F2 01 FB 12 00 C0 B2 10 BD 2D E9 F0 47 61 4F 38 79 61 4E 00 06 B8 78 4F F0 00 05 28 D5 C0 07 1A D1 05 20 04 F0 56 F8 03 F0 63 FE 09 20 03 F0 42 FA 75 62 5A 48 B5 62 86 F8 21 50 05 70 F5 62 86 F8 34 50 35 77 38 78 20 F0 40 00 38 70 75 77 B8 78 40 F0 01 00 B8 70 78 78 00 06 06 D5 70 89 03 F0 01 FF 78 78 20 F0 80 00 78 70 BD E8 F0 87 20 F0 01 00 B8 70 DF F8 28 91 86 F8 20 50
info,12001,数据传输,[固件升级] 发送数据帧 22/117（256 字节）
info,12001,数据帧,00 24 D9 F8 00 02 4F F0 01 0A 08 B9 86 F8 20 A0 45 48 D0 F8 14 12 29 B9 96 F8 20 10 41 F0 02 01 86 F8 20 10 80 46 D0 F8 10 02 28 B9 96 F8 20 00 40 F0 04 00 86 F8 20 00 05 20 04 F0 0C F8 D9 F8 00 02 00 B9 01 24 D8 F8 14 12 40 46 09 B9 44 F0 02 04 D0 F8 10 02 08 B9 44 F0 04 04 96 F8 20 00 A0 42 01 D0 86 F8 20 50 96 F8 20 00 DF F8 BC 80 C0 43 40 07 20 D1 96 F8 21 00 B8 BB 98 F8 00 00
info,12001,数据帧,01 28 B4 D0 86 F8 21 A0 54 46 19 20 1C 36 03 F0 D3 F9 F5 60 B8 78 20 F0 01 00 B8 70 35 76 06 F8 01 4B 06 F8 03 5B 38 78 20 F0 40 00 38 70 16 F8 20 09 C0 43 40 07 19 D0 96 F8 21 00 01 28 19 D1 98 F8 00 00 01 28 92 D0 86 F8 21 50 03 F0 D2 FD 01 20 03 F0 B1 F9 75 62 B5 62 B8 78 20 F0 01 00 B8 70 35 77 38 78 20 F0 40 00 38 70 96 F8 21 00 01 28 0D D0 78 78 00 06 06 D5 70 89 03 F0 74 FE
info,12001,数据传输,[固件升级] 发送数据帧 23/117（256 字节）
info,12001,数据帧,78 78 20 F0 80 00 78 70 BD E8 F0 47 FF F7 00 BF BD E8 F0 47 FF F7 D6 BE 4F 00 00 20 54 00 00 20 38 00 00 20 00 80 40 42 00 00 41 42 3C 00 00 20 78 B5 00 24 00 94 90 F8 3C 20 01 2A 19 D0 01 22 80 F8 3C 20 0A 68 07 25 03 68 09 2A 13 D9 DE 68 0A 3A 02 EB 42 02 95 40 AE 43 DE 60 0A 78 8B 68 0A 3A 02 EB 42 02 93 40 02 68 D5 68 2B 43 D3 60 10 E0 02 20 78 BD 1E 69 02 EB 42 02 95 40 AE 43
info,12001,数据帧,1E 61 0A 78 8B 68 02 EB 42 02 93 40 02 68 15 69 2B 43 13 61 4A 68 1F 25 07 2A 13 D2 03 68 5E 6B 52 1E 02 EB 82 02 95 40 AE 43 5E 63 0A 88 93 B2 0A 79 52 1E 02 EB 82 02 93 40 02 68 55 6B 2B 43 53 63 27 E0 03 68 0D 2A 12 D2 1E 6B D2 1F 02 EB 82 02 95 40 AE 43 1E 63 0A 88 93 B2 0A 79 D2 1F 02 EB 82 02 93 40 02 68 15 6B 2B 43 13 63 11 E0 DE 6A 0D 3A 02 EB 82 02 95 40 AE 43 DE 62 0A 88
info,12001,数据传输,[固件升级] 发送数据帧 24/117（256 字节）
info,12001,数据帧,93 B2 0A 79 0D 3A 02 EB 82 02 93 40 02 68 D5 6A 2B 43 D3 62 16 4B 05 68 14 4A 9D 42 06 D1 0D 68 12 2D 03 D1 55 68 45 F4 80 05 55 60 05 68 9D 42 18 D1 0B 68 10 2B 01 D0 11 2B 13 D1 53 68 43 F4 00 03 53 60 09 68 10 29 0C D1 0A 49 0A 4A 09 68 B1 FB F2 F1 01 EB 81 01 49 00 00 E0 49 1E 00 91 00 29 FB D1 80 F8 3C 40 00 20 78 BD 00 23 01 40 00 20 01 40 38 05 00 20 40 42 0F 00 70 47 70 47
info,12001,数据帧,70 47 70 B5 04 00 4F F0 00 06 03 D0 20 6C 00 25 10 B1 07 E0 01 20 70 BD 20 46 00 F0 1D F8 65 64 84 F8 3C 50 20 6C C0 06 10 D4 20 6C 20 F4 88 50 40 F0 02 00 20 64 20 46 FF F7 BC F8 65 64 20 6C 20 F0 02 00 40 F0 01 00 20 64 00 E0 01 26 84 F8 3C 50 30 46 70 BD 00 00 70 B5 86 B0 06 46 14 21 68 46 FE F7 B0 FD 1D 49 30 68 88 42 34 D1 1C 48 00 25 01 68 41 F4 80 71 01 60 00 68 00 F4 80 70
info,12001,数据传输,[固件升级] 发送数据帧 25/117（256 字节）
info,12001,数据帧,05 90 17 48 14 38 01 68 41 F0 01 01 01 60 00 68 69 46 00 F0 01 00 05 90 30 20 00 90 03 20 CD E9 01 05 10 48 00 F0 26 FB 10 4C 0F 48 C4 E9 00 05 00 15 A5 60 C4 E9 03 50 80 00 60 61 80 00 A0 61 80 11 C4 E9 07 05 20 46 65 62 00 F0 E7 F9 08 B1 FF F7 C2 FC B4 63 A6 63 06 B0 70 BD 00 20 01 40 44 38 02 40 00 00 02 40 10 64 02 40 BC 33 00 20 F8 B5 00 23 04 46 00 93 90 F8 3C 00 01 28 07 D0
info,12001,数据帧,01 20 84 F8 3C 00 20 68 85 68 ED 07 02 D0 11 E0 02 20 F8 BD 85 68 45 F0 01 05 85 60 40 48 41 4D 00 68 B0 FB F5 F0 00 EB 40 00 00 E0 40 1E 00 90 00 28 FB D1 20 68 85 68 ED 05 03 D5 85 68 25 F4 80 75 85 60 20 68 85 68 ED 07 5F D0 25 6C 40 F2 01 66 B5 43 45 F4 80 75 25 64 40 68 40 05 05 D5 20 6C 20 F4 00 50 40 F4 80 50 20 64 20 6C C0 04 04 D5 60 6C 20 F0 06 00 60 64 00 E0 63 64 84 F8
info,12001,数据传输,[固件升级] 发送数据帧 26/117（256 字节）
info,12001,数据帧,3C 30 A3 6B 29 48 28 4D D8 63 A3 6B 28 48 18 64 A3 6B 28 48 D8 64 23 68 6F F0 22 00 18 60 20 68 43 68 43 F0 80 63 43 60 20 68 83 68 43 F4 80 73 83 60 13 46 20 68 0A 46 A6 6B 00 F1 4C 01 30 46 00 F0 D6 F9 68 68 1C 49 C0 06 20 68 06 D0 88 42 24 D1 81 68 11 F0 40 5F 13 D0 1F E0 88 42 F8 D0 16 4A 90 42 03 D1 D1 F8 04 23 D2 06 F1 D0 14 4A 90 42 13 D1 D1 F8 04 13 01 F0 1F 01 10 29 E8 D3
info,12001,数据帧,0C E0 81 68 41 F0 80 41 81 60 07 E0 20 6C 40 F0 10 00 20 64 60 6C 40 F0 01 00 60 64 00 20 F8 BD 38 05 00 20 40 42 0F 00 00 23 01 40 9F 08 0C 08 23 09 0C 08 0D 09 0C 08 00 20 01 40 00 21 01 40 00 22 01 40 2D E9 F0 41 04 46 87 6D 00 F0 48 FB 05 46 94 F8 35 00 00 26 02 28 06 D0 80 20 60 65 84 F8 34 60 01 20 BD E8 F0 81 20 68 01 68 21 F0 16 01 01 60 20 68 41 69 21 F0 80 01 41 61 20 6C
info,12001,数据传输,[固件升级] 发送数据帧 27/117（256 字节）
info,12001,数据帧,08 B9 A0 6C 20 B1 20 68 01 68 21 F0 08 01 01 60 20 68 01 68 21 F0 01 01 01 60 0C E0 00 F0 20 FB 40 1B 05 28 07 D9 20 20 60 65 03 20 84 F8 35 00 84 F8 34 60 D7 E7 20 68 00 68 C0 07 EE D1 94 F8 5C 10 3F 20 88 40 B8 60 01 20 84 F8 35 00 84 F8 34 60 00 20 C7 E7 90 F8 35 10 02 29 03 D0 80 21 41 65 01 20 70 47 05 21 80 F8 35 10 00 68 01 68 21 F0 01 01 01 60 00 20 70 47 00 00 2D E9 F8 43
info,12001,数据帧,04 46 4F F0 00 09 CD F8 00 90 63 48 4F F4 16 51 A5 6D 00 68 B0 FB F1 F7 2E 68 94 F8 5C 20 08 21 01 FA 02 F0 30 42 0F D0 20 68 02 68 52 07 0B D5 02 68 22 F0 04 02 02 60 94 F8 5C 00 81 40 A9 60 60 6D 40 F0 01 00 60 65 94 F8 5C 10 4F F0 01 08 08 FA 01 F0 30 42 08 D0 21 68 49 69 09 06 04 D5 A8 60 60 6D 40 F0 02 00 60 65 94 F8 5C 10 04 20 88 40 30 42 08 D0 21 68 09 68 89 07 04 D5 A8 60
info,12001,数据传输,[固件升级] 发送数据帧 28/117（256 字节）
info,12001,数据帧,60 6D 40 F0 04 00 60 65 94 F8 5C 10 10 20 88 40 30 42 18 D0 21 68 09 68 09 07 14 D5 A8 60 20 68 01 68 49 03 04 D5 00 68 00 03 08 D5 A1 6C 07 E0 01 68 C9 05 03 D4 01 68 21 F0 08 01 01 60 21 6C 09 B1 20 46 88 47 94 F8 5C 10 20 20 88 40 30 42 31 D0 21 68 09 68 C9 06 2D D5 A8 60 94 F8 35 00 05 28 20 68 01 68 06 D0 49 03 47 D5 00 68 00 03 1D D4 61 6C 1C E0 21 F0 16 01 01 60 20 68 41 69
info,12001,数据帧,21 F0 80 01 41 61 20 6C 08 B9 A0 6C 20 B1 20 68 01 68 21 F0 08 01 01 60 94 F8 5C 10 3F 20 88 40 A8 60 84 F8 35 80 84 F8 34 90 21 6D 1F E0 E1 6B 09 B1 20 46 88 47 60 6D 00 28 2B D0 60 6D C0 07 14 D0 05 20 84 F8 35 00 20 68 01 68 21 F0 01 01 01 60 00 98 40 1C 00 90 B8 42 03 D8 20 68 00 68 C0 07 F6 D1 84 F8 35 80 84 F8 34 90 E1 6C 00 29 10 D0 01 B0 20 46 BD E8 F0 43 08 47 01 68 C9 05
info,12001,数据传输,[固件升级] 发送数据帧 29/117（256 字节）
info,12001,数据帧,D5 D4 01 68 21 F0 10 01 01 60 84 F8 35 80 84 F8 34 90 CC E7 BD E8 F8 83 38 05 00 20 2D E9 F0 41 04 46 00 F0 1D FA 05 46 5C B1 02 20 84 F8 35 00 00 26 84 F8 34 60 20 68 01 68 21 F0 01 01 01 60 0D E0 01 20 BD E8 F0 81 00 F0 0A FA 40 1B 05 28 05 D9 20 20 60 65 03 20 84 F8 35 00 F2 E7 20 68 00 68 C0 07 F0 D1 21 68 0A 68 20 48 02 40 D4 E9 01 03 18 43 D4 E9 03 35 2B 43 18 43 63 69 18 43
info,12001,数据帧,A3 69 18 43 E3 69 18 43 23 6A 18 43 10 43 62 6A 04 2A 03 D1 D4 E9 0B 23 1A 43 10 43 08 60 20 68 40 69 65 6A 20 F0 07 01 28 46 0D 43 01 27 04 28 0C D1 A0 6A 05 43 E0 6A 40 B1 20 46 FE F7 16 FF 20 B1 40 20 60 65 84 F8 35 70 BA E7 20 68 45 61 20 46 FE F7 F7 FE 94 F8 5C 20 3F 21 91 40 81 60 66 65 84 F8 35 70 00 20 AC E7 00 00 3F 80 10 F0 2D E9 F0 41 04 46 86 6D 90 F8 34 00 00 25 01 28
info,12001,数据传输,[固件升级] 发送数据帧 30/117（256 字节）
info,12001,数据帧,0D D0 01 20 84 F8 34 00 94 F8 35 70 00 20 01 2F 07 D0 84 F8 34 00 02 25 28 46 BD E8 F0 81 02 20 FB E7 02 27 84 F8 35 70 60 65 20 46 FE F7 08 FF 94 F8 5C 10 3F 20 88 40 B0 60 20 68 01 68 41 F0 16 01 01 60 20 6C 20 B1 20 68 01 68 41 F0 08 01 01 60 20 68 01 68 41 F0 01 01 01 60 DC E7 00 00 0B 4A 10 B5 4F F0 FF 30 10 60 00 21 11 60 12 1D 10 60 11 60 06 4A 10 3A 10 60 11 60 12 1D 10 60
info,12001,数据帧,11 60 12 1D 10 60 11 60 00 F0 10 FA 00 20 10 BD 20 38 02 40 70 B5 04 46 00 F0 62 F9 05 46 60 1C 02 D0 04 48 00 78 04 44 00 F0 5A F9 40 1B A0 42 FA D3 70 BD 2C 05 00 20 03 48 01 68 41 F0 00 41 01 60 00 20 70 47 00 00 10 3C 02 40 2D E9 F0 47 1B 4E 05 46 14 46 30 7E 1F 46 89 46 01 28 08 D0 01 20 30 76 4C F2 50 38 40 46 FF F7 9D FA 18 B1 14 E0 02 20 BD E8 F0 87 9D B1 01 2D 16 D0 02 2D
info,12001,数据传输,[固件升级] 发送数据帧 31/117（256 字节）
info,12001,数据帧,19 D0 22 46 3B 46 48 46 FF F7 20 FA 40 46 FF F7 8B FA 0C 49 0A 68 22 F0 01 02 0A 60 00 21 31 76 E8 E7 E1 B2 48 46 FF F7 01 FA EF E7 A1 B2 48 46 FF F7 22 FA EA E7 21 46 48 46 FF F7 2F FA E5 E7 80 37 00 20 10 3C 02 40 07 49 00 20 0A 68 00 2A 09 DA 05 4A 05 4B 0C 3A 13 60 05 4B 13 60 09 68 00 29 00 DA 01 20 70 47 10 3C 02 40 23 01 67 45 AB 89 EF CD 2D E9 F8 4F DF F8 9C 91 00 22 A9 F1
info,12001,数据帧,04 0B 03 27 4F F0 0F 0C 09 F1 04 0A AB F1 04 0E 01 25 0B 68 95 40 2B 40 AB 42 6E D1 0C 79 04 F0 03 04 01 2C 01 D0 02 2C 15 D1 86 68 54 00 07 FA 04 F8 26 EA 08 06 D1 F8 0C 80 08 FA 04 F8 48 EA 06 08 C0 F8 08 80 44 68 AC 43 0D 79 C5 F3 00 15 95 40 25 43 45 60 0C 79 E4 43 A4 07 08 D0 C5 68 54 00 07 FA 04 F6 B5 43 8E 68 A6 40 2E 43 C6 60 0C 79 04 F0 03 04 02 2C 11 D1 D4 08 00 EB 84 06
info,12001,数据传输,[固件升级] 发送数据帧 32/117（256 字节）
info,12001,数据帧,35 6A 54 07 E4 0E 0C FA 04 F8 25 EA 08 05 D1 F8 10 80 08 FA 04 F8 48 EA 05 08 C6 F8 20 80 05 68 54 00 07 FA 04 F6 B5 43 0E 79 06 F0 03 06 A6 40 2E 43 06 60 4C 68 14 F4 40 3F 66 D0 37 4C 25 68 45 F4 80 45 25 60 24 68 22 F0 03 05 04 F4 80 44 00 94 33 4C 05 EB 04 08 D8 F8 08 58 94 07 26 0F 0C FA 06 F4 A5 43 2F 4C A0 42 01 D1 00 24 24 E0 2D 4C A0 42 02 D1 01 24 1F E0 46 E0 2B 4C A0 42
info,12001,数据帧,01 D1 02 24 19 E0 2A 4C A0 42 01 D1 03 24 14 E0 28 4C A0 42 01 D1 04 24 0F E0 27 4C A0 42 01 D1 05 24 0A E0 25 4C A0 42 01 D1 06 24 05 E0 24 4C A0 42 01 D1 07 24 00 E0 08 24 B4 40 2C 43 C8 F8 08 48 D9 F8 00 40 4D 46 4E 68 9C 43 F6 02 00 D5 1C 43 2C 60 DA F8 00 40 55 46 4E 68 9C 43 B6 02 00 D5 1C 43 2C 60 DB F8 00 40 5D 46 4E 68 9C 43 B6 03 00 D5 1C 43 2C 60 DE F8 00 40 75 46 4E 68
info,12001,数据传输,[固件升级] 发送数据帧 33/117（256 字节）
info,12001,数据帧,9C 43 F6 03 00 D5 1C 43 2C 60 52 1C 10 2A FF F4 3F AF BD E8 F8 8F 00 00 08 3C 01 40 44 38 02 40 00 30 01 40 00 00 02 40 00 04 02 40 00 08 02 40 00 0C 02 40 00 10 02 40 00 14 02 40 00 18 02 40 00 1C 02 40 42 69 21 EA 02 03 0A 40 43 EA 02 41 81 61 70 47 0A B1 81 61 70 47 09 04 FB E7 00 00 01 48 80 68 70 47 00 00 2C 05 00 20 70 B5 04 00 11 D0 21 68 4C F6 CC 40 08 60 21 68 45 F2 55 50
info,12001,数据帧,08 60 D4 E9 00 01 41 60 21 68 A0 68 88 60 FF F7 E7 FF 05 46 0C E0 01 20 70 BD FF F7 E1 FF 40 1B 31 28 05 D9 20 68 C0 68 80 07 01 D0 03 20 70 BD 20 68 C0 68 80 07 F0 D1 21 68 4A F6 AA 20 08 60 00 20 70 BD 00 68 4A F6 AA 21 01 60 00 20 70 47 02 48 81 68 02 78 11 44 81 60 70 47 2C 05 00 20 0B 48 10 B5 01 68 41 F4 00 71 01 60 01 68 41 F4 80 61 01 60 01 68 41 F4 80 71 01 60 03 20 00 F0
info,12001,数据传输,[固件升级] 发送数据帧 34/117（256 字节）
info,12001,数据帧,A1 F8 0F 20 00 F0 06 F8 00 F0 52 F8 00 20 10 BD 00 3C 02 40 30 B5 05 46 1F 48 87 B0 00 24 01 68 41 F0 10 01 01 60 00 68 06 A9 00 F0 10 00 05 90 68 46 00 F0 33 F9 03 98 A8 B1 00 F0 4F F9 40 00 16 49 17 4A B0 FB F1 F1 16 48 49 1E 02 60 40 F2 E7 32 C0 E9 03 24 C0 E9 01 14 84 61 00 F0 D0 FB 04 00 03 D0 15 E0 00 F0 39 F9 E9 E7 0D 48 00 F0 13 FC 04 00 0D D1 36 20 00 F0 36 F8 10 2D 07 D2
info,12001,数据帧,00 22 29 46 36 20 00 F0 3D F8 07 48 05 60 00 E0 01 24 07 B0 20 46 30 BD 40 38 02 40 40 42 0F 00 00 10 00 40 38 37 00 20 30 05 00 20 70 47 00 00 0C 48 82 B0 01 68 41 F4 80 41 01 60 00 68 00 F4 80 40 00 90 07 48 00 1F 01 68 41 F0 80 51 01 60 00 68 00 22 00 F0 80 50 00 90 0F 21 90 1E 02 B0 00 F0 10 B8 44 38 02 40 00 28 09 DB 00 F0 1F 02 01 21 91 40 40 09 80 00 00 F1 E0 20 C0 F8 00 11
info,12001,数据传输,[固件升级] 发送数据帧 35/117（256 字节）
info,12001,数据帧,70 47 00 00 F0 B4 0E 4B 1B 68 C3 F3 02 23 C3 F1 07 04 04 2C 00 D9 04 24 1D 1D 07 2D 01 D2 00 23 00 E0 DB 1E 01 26 06 FA 04 F5 6D 1E 0D 40 9D 40 9E 40 76 1E 16 40 45 EA 06 01 F0 BC 03 F0 4A B9 0C ED 00 E0 06 4A 00 F0 07 01 10 68 4F F6 FF 03 18 40 40 EA 01 20 03 49 08 43 10 60 70 47 00 00 0C ED 00 E0 00 00 FA 05 2D E9 F0 47 0D 46 04 00 65 D0 DF F8 14 91 D9 F8 00 00 EF B2 00 F0 07 00
info,12001,数据帧,A8 42 07 D2 89 F8 00 70 D9 F8 00 00 00 F0 07 00 A8 42 54 D1 20 68 3D 4E 81 07 12 D5 40 07 03 D5 30 68 40 F4 E0 50 30 60 20 78 00 07 03 D5 30 68 40 F4 60 40 30 60 30 68 A1 68 20 F0 F0 00 08 43 30 60 20 78 C0 07 2D D0 30 49 60 68 08 39 01 28 12 D0 02 28 13 D0 03 28 11 D0 09 68 89 07 00 29 2D DA 31 68 21 F0 03 01 01 43 31 60 FF F7 B8 FE 80 46 41 F2 88 3A 0E E0 09 68 89 03 EF E7 09 68
info,12001,数据传输,[固件升级] 发送数据帧 36/117（256 字节）
info,12001,数据帧,89 01 EC E7 FF F7 AC FE A0 EB 08 01 51 45 02 D9 03 20 BD E8 F0 87 30 68 61 68 00 F0 0C 00 B0 EB 81 0F EF D1 D9 F8 00 10 48 46 01 F0 07 01 A9 42 07 D9 07 70 00 68 00 F0 07 00 A8 42 01 D0 01 20 E7 E7 20 78 40 07 05 D5 30 68 E1 68 20 F4 E0 50 08 43 30 60 20 78 00 07 06 D5 30 68 21 69 20 F4 60 40 40 EA C1 00 30 60 00 F0 58 F8 31 68 08 4A C1 F3 03 11 51 5C C8 40 06 49 08 60 06 48 00 68
info,12001,数据帧,FF F7 C8 FE 00 20 C4 E7 00 3C 02 40 08 38 02 40 CC 73 0C 08 38 05 00 20 30 05 00 20 0F 22 02 60 0C 4A 13 68 03 F0 03 03 43 60 13 68 03 F0 F0 03 83 60 13 68 03 F4 E0 53 C3 60 12 68 4F F4 E0 53 03 EA D2 02 02 61 04 48 00 68 00 F0 07 00 08 60 70 47 00 00 08 38 02 40 00 3C 02 40 04 48 05 49 00 68 09 68 04 4A C1 F3 82 21 51 5C C8 40 70 47 38 05 00 20 08 38 02 40 DC 73 0C 08 04 48 05 49
info,12001,数据传输,[固件升级] 发送数据帧 37/117（256 字节）
info,12001,数据帧,00 68 09 68 04 4A C1 F3 42 31 51 5C C8 40 70 47 38 05 00 20 08 38 02 40 DC 73 0C 08 15 48 10 B5 00 68 10 F0 0C 01 14 48 13 D0 43 10 04 29 0F D0 08 29 0E D1 0F 4C 24 1F 21 68 01 F0 3F 02 21 68 49 02 07 D5 20 68 C0 F3 88 10 A0 FB 03 01 06 E0 18 46 10 BD 21 68 C1 F3 88 11 A1 FB 00 01 00 23 FD F7 14 FF 21 68 C1 F3 01 41 49 1C 49 00 B0 FB F1 F0 10 BD 08 38 02 40 00 24 F4 00 2D E9 F8 4F
info,12001,数据帧,04 00 75 D0 20 78 DF F8 38 A3 C0 07 AA F1 04 05 48 D0 0A F1 04 00 01 68 C1 F3 81 01 01 29 08 D0 00 68 C0 F3 81 00 02 28 0A D1 DA F8 00 00 40 02 06 D5 28 68 80 03 35 D5 60 68 00 28 E1 D0 31 E0 60 68 B0 F5 80 3F 10 D0 B0 F5 A0 2F 28 68 10 D0 20 F4 80 30 28 60 28 68 20 F4 80 20 28 60 60 68 A0 B1 FF F7 BD FD 06 46 0C E0 28 68 40 F4 80 30 F4 E7 40 F4 80 20 28 60 F7 E7 FF F7 B1 FD 80 1B
info,12001,数据传输,[固件升级] 发送数据帧 38/117（256 字节）
info,12001,数据帧,64 28 71 D8 28 68 80 03 F7 D5 0B E0 FF F7 A8 FD 06 46 04 E0 FF F7 A4 FD 80 1B 64 28 F1 D8 28 68 80 03 F7 D4 20 78 DF F8 9C 92 80 07 4F F0 00 0B 3D D5 A3 48 00 1D 01 68 11 F0 0C 0F 08 D0 00 68 C0 F3 81 00 02 28 0A D1 DA F8 00 00 40 02 06 D4 28 68 80 07 15 D5 E0 68 01 28 09 D1 11 E0 E0 68 B8 B1 01 20 C9 F8 00 00 FF F7 7A FD 06 46 05 E0 22 E1 FF F7 75 FD 80 1B 02 28 C2 D8 28 68 80 07
info,12001,数据帧,F7 D5 28 68 21 69 20 F0 F8 00 40 EA C1 00 28 60 0D E0 C9 F8 00 B0 FF F7 63 FD 06 46 04 E0 FF F7 5F FD 80 1B 02 28 1F D8 28 68 80 07 F7 D4 20 78 00 07 22 D5 82 4F 84 48 61 69 70 37 71 B1 01 21 01 60 FF F7 4D FD 06 46 04 E0 FF F7 49 FD 80 1B 02 28 09 D8 38 68 80 07 F7 D5 0E E0 C0 F8 00 B0 FF F7 3E FD 06 46 05 E0 82 E0 FF F7 39 FD 80 1B 02 28 7D D8 38 68 80 07 F7 D4 20 78 40 07 65 D5
info,12001,数据传输,[固件升级] 发送数据帧 39/117（256 字节）
info,12001,数据帧,6F 48 4F F0 00 08 3C 30 00 68 C0 00 0B D4 6C 48 3C 30 01 68 41 F0 80 51 01 60 00 68 4F F0 01 08 00 F0 80 50 00 90 69 4F 38 68 C0 05 0F D4 38 68 40 F4 80 70 38 60 FF F7 13 FD 06 46 04 E0 FF F7 0F FD 80 1B 02 28 53 D8 38 68 C0 05 F7 D5 5C 4F A0 68 6C 37 01 28 0F D0 05 28 38 68 10 D0 20 F0 01 00 38 60 38 68 20 F0 04 00 38 60 A0 68 B0 B1 FF F7 F6 FC 06 46 0E E0 38 68 40 F0 01 00 F4 E7
info,12001,数据帧,40 F0 04 00 38 60 F7 E7 FF F7 EA FC 81 1B 41 F2 88 30 81 42 63 D8 38 68 80 07 F5 D5 0D E0 FF F7 DF FC 06 46 06 E0 FF F7 DB FC 81 1B 41 F2 88 30 81 42 54 D8 38 68 80 07 F5 D4 B8 F1 00 0F 05 D0 3F 48 3C 30 01 68 21 F0 80 51 01 60 A0 69 B8 B3 3B 49 09 1D 09 68 C1 F3 81 01 02 29 46 D0 02 28 58 46 06 D0 C9 F8 60 00 FF F7 BA FC 04 46 39 E0 35 E0 4F 46 C9 F8 60 00 FF F7 B2 FC 06 46 04 E0
info,12001,数据传输,[固件升级] 发送数据帧 40/117（256 字节）
info,12001,数据帧,FF F7 AE FC 80 1B 02 28 29 D8 28 68 80 01 F7 D4 D4 E9 07 01 08 43 A1 6A 2D 4A 49 08 02 EB 01 41 62 6A 41 EA 82 11 08 43 94 F8 2C 10 40 EA 01 61 CA F8 00 10 01 20 38 66 FF F7 92 FC 04 46 05 E0 3C E0 FF F7 8D FC 00 1B 02 28 08 D8 28 68 80 01 F7 D5 33 E0 FF F7 84 FC 00 1B 02 28 02 D9 03 20 BD E8 F8 8F 28 68 80 01 F4 D4 27 E0 01 28 F7 D0 DA F8 00 00 E2 69 00 F4 80 01 91 42 1C D1 22 6A
info,12001,数据帧,00 F0 3F 01 91 42 17 D1 47 F6 C0 71 62 6A 01 40 B1 EB 82 1F 10 D1 A2 6A 4F F0 FF 33 00 F4 40 31 03 EB 52 02 B1 EB 02 4F 06 D1 94 F8 2C 10 00 F0 70 60 B0 EB 01 6F 01 D0 01 20 D1 E7 00 20 CF E7 04 38 02 40 00 00 47 42 80 0E 47 42 00 70 00 40 00 00 FF FF 70 B5 04 00 09 D0 60 6A 00 25 40 B1 25 61 65 61 A5 62 94 F8 51 00 40 B1 0C E0 01 20 70 BD 60 68 B0 F5 82 7F F4 D0 E5 61 F2 E7 84 F8
info,12001,数据传输,[固件升级] 发送数据帧 41/117（256 字节）
info,12001,数据帧,50 50 20 46 00 F0 44 F8 02 20 84 F8 51 00 20 68 01 68 21 F0 40 01 01 60 A0 88 21 89 00 F4 82 70 01 F4 04 41 08 43 A1 89 01 F4 00 61 08 43 21 7C 01 F0 02 01 08 43 21 7D 01 F0 01 01 08 43 21 8B 01 F4 00 71 08 43 21 7F 01 F0 38 01 08 43 94 F8 20 10 01 F0 80 01 08 43 21 8D 01 F4 00 51 08 43 21 68 08 60 A0 69 04 21 01 EA 10 40 94 F8 24 10 01 F0 10 01 08 43 21 68 48 60 20 68 C1 69 21 F4
info,12001,数据帧,00 61 C1 61 65 65 01 20 84 F8 51 00 00 20 70 BD 10 B5 86 B0 04 46 14 21 68 46 FD F7 54 FD 14 49 20 68 88 42 21 D1 13 48 00 21 02 68 42 F4 00 42 02 60 00 68 00 F4 00 40 05 90 0E 48 10 38 02 68 42 F0 04 02 02 60 00 68 00 F0 04 00 05 90 4F F4 E0 50 00 90 02 20 CD E9 01 01 03 20 03 90 06 20 04 90 69 46 04 48 FF F7 C5 FA 06 B0 10 BD 00 00 00 3C 00 40 40 38 02 40 00 08 02 40 70 47 70 47
info,12001,数据传输,[固件升级] 发送数据帧 42/117（256 字节）
info,12001,数据帧,10 B5 04 00 03 D0 94 F8 3D 00 10 B1 07 E0 01 20 10 BD 00 20 84 F8 3C 00 20 46 00 F0 1F F8 02 20 84 F8 3D 00 21 1D 20 68 02 F0 C0 F8 01 20 84 F8 46 00 84 F8 3E 00 84 F8 3F 00 84 F8 40 00 84 F8 41 00 84 F8 42 00 84 F8 43 00 84 F8 44 00 84 F8 45 00 84 F8 3D 00 00 20 10 BD 00 00 08 B5 00 68 0B 49 88 42 12 D1 0B 48 01 68 41 F4 00 31 01 60 00 68 00 22 00 F4 00 30 00 90 0F 21 19 20 FF F7
info,12001,数据帧,41 FC BD E8 08 40 19 20 FF F7 2E BC 08 BD 00 00 00 44 01 40 44 38 02 40 90 F8 3D 10 01 29 01 D0 01 20 70 47 02 21 80 F8 3D 10 01 68 CA 68 42 F0 01 02 CA 60 00 68 11 49 88 42 14 D0 B0 F1 80 4F 11 D0 0F 49 88 42 0E D0 0E 49 88 42 0B D0 0E 49 88 42 08 D0 0D 49 88 42 05 D0 0D 49 88 42 02 D0 0C 49 88 42 04 D1 81 68 01 F0 07 01 06 29 03 D0 01 68 41 F0 01 01 01 60 00 20 70 47 00 00 01 40
info,12001,数据传输,[固件升级] 发送数据帧 43/117（256 字节）
info,12001,数据帧,00 04 00 40 00 08 00 40 00 0C 00 40 00 04 01 40 00 40 01 40 00 18 00 40 70 47 70 B5 04 46 00 68 01 69 4F F0 00 05 C9 43 89 07 15 D4 C1 68 C9 43 89 07 11 D4 E9 1E 01 61 01 20 20 77 20 68 80 69 80 07 20 46 02 D0 FF F7 E7 FF 04 E0 00 F0 98 F8 20 46 00 F0 96 F8 25 77 20 68 01 69 C9 43 49 07 17 D4 C1 68 C9 43 49 07 13 D4 6F F0 04 01 01 61 02 20 20 77 20 68 80 69 10 F4 40 7F 20 46 02 D0
info,12001,数据帧,FF F7 CA FF 04 E0 00 F0 7B F8 20 46 00 F0 79 F8 25 77 20 68 01 69 C9 43 09 07 16 D4 C1 68 C9 43 09 07 12 D4 6F F0 08 01 01 61 04 20 20 77 20 68 C0 69 80 07 20 46 02 D0 FF F7 AE FF 04 E0 00 F0 5F F8 20 46 00 F0 5D F8 25 77 20 68 01 69 C9 43 C9 06 17 D4 C1 68 C9 43 C9 06 13 D4 6F F0 10 01 01 61 08 20 20 77 20 68 C0 69 10 F4 40 7F 20 46 02 D0 FF F7 91 FF 04 E0 00 F0 42 F8 20 46 00 F0
info,12001,数据传输,[固件升级] 发送数据帧 44/117（256 字节）
info,12001,数据帧,40 F8 25 77 20 68 01 69 C9 43 C9 07 08 D1 C1 68 C9 43 C9 07 04 D1 89 1E 01 61 20 46 00 F0 32 F8 20 68 01 69 C9 43 09 06 09 D4 C1 68 C9 43 09 06 05 D4 6F F0 80 01 01 61 20 46 FF F7 DF FE 20 68 01 69 C9 43 49 06 09 D4 C1 68 C9 43 49 06 05 D4 6F F0 40 01 01 61 20 46 00 F0 C0 F8 20 68 01 69 C9 43 89 06 0B D4 C1 68 C9 43 89 06 07 D4 6F F0 20 01 01 61 20 46 BD E8 70 40 FF F7 C0 BE 70 BD
info,12001,数据帧,70 47 70 47 10 B5 06 4A 01 68 04 46 91 42 01 D1 FF F7 9E FA 20 46 BD E8 10 40 00 F0 03 B8 00 00 00 10 00 40 4A 49 00 68 09 68 88 42 7D D1 49 49 08 68 40 1E 08 60 0A 68 47 48 2A B9 C8 22 0A 60 02 78 42 F0 10 02 02 70 4A 68 52 1E 4A 60 4A 68 2A B9 64 22 4A 60 02 78 42 F0 08 02 02 70 8A 68 52 1E 8A 60 8A 68 2A B9 50 22 8A 60 02 78 42 F0 04 02 02 70 CA 68 52 1E CA 60 CA 68 2A B9 32 22
info,12001,数据传输,[固件升级] 发送数据帧 45/117（256 字节）
info,12001,数据帧,CA 60 02 78 42 F0 02 02 02 70 0A 69 52 1E 0A 61 0A 69 2A B9 19 22 0A 61 01 78 41 F0 01 01 01 70 81 78 49 06 C1 78 29 D5 C2 78 49 1E 61 F3 06 02 C2 70 C1 78 49 06 25 D1 C1 78 21 F0 7F 01 32 31 C1 70 41 78 41 F0 08 01 41 70 41 78 41 F0 10 01 41 70 41 78 41 F0 40 01 41 70 41 78 41 F0 20 01 41 70 81 78 21 F0 02 01 81 70 41 78 21 F0 01 01 41 70 01 78 41 F0 80 01 01 70 03 E0 21 F0 7F 01
info,12001,数据帧,32 31 C1 70 C1 78 09 06 01 79 1C D5 02 79 49 1E 61 F3 06 02 02 71 01 79 49 06 13 D1 01 79 21 F0 7F 01 32 31 01 71 81 78 00 E0 0B E0 21 F0 18 01 08 31 81 70 81 78 21 F0 04 01 81 70 C1 78 21 F0 80 01 C1 70 70 47 21 F0 7F 01 32 31 01 71 70 47 80 34 00 20 18 05 00 20 4F 00 00 20 70 47 70 47 10 B5 04 46 00 68 40 69 94 F8 3D 10 C0 F3 C0 10 21 29 11 D1 80 B1 20 68 14 30 50 E8 00 1F 21 F0
info,12001,数据传输,[固件升级] 发送数据帧 46/117（256 字节）
info,12001,数据帧,80 01 40 E8 00 12 00 2A F5 D1 60 6B 08 B1 FE F7 59 FE 20 46 01 F0 D0 FF 20 68 40 69 94 F8 3E 10 C0 F3 80 10 22 29 11 D1 80 B1 20 68 14 30 50 E8 00 1F 21 F0 40 01 40 E8 00 12 00 2A F5 D1 A0 6B 08 B1 FE F7 3F FE 20 46 01 F0 8F FF 00 20 10 BD 70 47 00 00 F8 B5 01 68 04 46 08 68 CA 68 4B 69 10 F0 0F 0F 4F F0 00 05 59 D0 03 F0 01 06 02 F4 90 77 37 43 65 D0 C1 07 05 D0 D1 05 03 D5 21 6C
info,12001,数据帧,41 F0 01 01 21 64 41 07 05 D5 D9 07 03 D0 21 6C 41 F0 02 01 21 64 81 07 05 D5 D9 07 03 D0 21 6C 41 F0 04 01 21 64 01 07 07 D5 02 F0 20 01 31 43 03 D0 21 6C 41 F0 08 01 21 64 21 6C 00 29 3A D0 80 06 04 D5 90 06 02 D5 20 46 01 F0 83 FF 20 68 40 69 21 6C C0 F3 80 10 09 07 00 D4 60 B3 20 46 01 F0 43 FF 20 68 40 69 40 06 21 D5 20 68 14 30 50 E8 00 1F 21 F0 40 01 40 E8 00 12 00 2A F5 D1
info,12001,数据传输,[固件升级] 发送数据帧 47/117（256 字节）
info,12001,数据帧,A0 6B A8 B1 6C 49 01 65 A0 6B FE F7 24 FE 00 28 11 D0 A0 6B 01 6D 01 B0 BD E8 F0 40 08 47 83 06 0F D5 93 06 0D D5 20 46 BD E8 F8 40 01 F0 52 BF 20 46 FF F7 8D FF F8 BD 20 46 FF F7 89 FF 25 64 F8 BD 26 6B 20 23 01 2E 79 D1 C6 06 77 D5 D6 06 75 D5 08 68 48 68 00 90 48 69 40 06 40 D5 A1 6B 08 68 40 68 00 04 00 0C EA D0 A2 8D 82 42 E7 D9 E0 85 C8 69 B0 F5 80 7F 2D D0 20 68 0C 30 50 E8
info,12001,数据帧,00 1F 21 F4 80 71 40 E8 00 12 00 2A F5 D1 20 68 14 30 50 E8 00 1F 21 F0 01 01 40 E8 00 12 00 2A F5 D1 20 68 14 30 50 E8 00 1F 21 F0 40 01 40 E8 00 12 00 2A F5 D1 84 F8 3E 30 25 63 20 68 0C 30 50 E8 00 1F 21 F0 10 01 40 E8 00 12 00 2A F5 D1 A0 6B FE F7 77 FD A0 8D E1 8D 40 1A 81 B2 29 E0 A0 8D E1 8D 40 1A 81 B2 E0 8D 00 28 A8 D0 00 29 A6 D0 20 68 0C 30 50 E8 00 2F 22 F4 90 72 40 E8
info,12001,数据传输,[固件升级] 发送数据帧 48/117（256 字节）
info,12001,数据帧,00 26 00 2E F5 D1 20 68 14 30 50 E8 00 2F 22 F0 01 02 40 E8 00 26 00 2E F5 D1 84 F8 3E 30 25 63 20 68 0C 30 50 E8 00 2F 22 F0 10 02 40 E8 00 23 00 2B F5 D1 20 46 FF F7 D2 FE F8 BD FF E7 05 06 2B D5 15 06 29 D5 94 F8 3D 00 21 28 F5 D1 A0 68 B0 F5 80 5F 01 D1 20 69 B0 B1 20 6A 41 1C 21 62 21 68 00 78 48 60 E0 8C 40 1E 00 04 00 0C E0 84 E3 D1 20 68 C1 68 21 F0 80 01 C1 60 20 68 C1 68
info,12001,数据帧,41 F0 40 01 C1 60 D8 E7 20 6A 00 88 C0 F3 08 00 48 60 20 6A 80 1C 20 62 E5 E7 40 06 CD D5 50 06 CB D5 CA 68 20 46 22 F0 40 02 CA 60 84 F8 3D 30 00 F0 48 F9 C1 E7 00 00 6D 4B 0C 08 70 B5 04 00 04 D0 94 F8 3D 00 00 25 10 B1 06 E0 01 20 70 BD 84 F8 3C 50 20 46 00 F0 23 F8 24 20 84 F8 3D 00 20 68 C1 68 21 F4 00 51 C1 60 20 46 01 F0 D2 FE 20 68 01 69 21 F4 90 41 01 61 20 68 41 69 21 F0
info,12001,数据传输,[固件升级] 发送数据帧 49/117（256 字节）
info,12001,数据帧,2A 01 41 61 20 68 C1 68 41 F4 00 51 C1 60 25 64 20 20 84 F8 3D 00 84 F8 3E 00 00 20 70 BD 00 00 2D E9 F0 43 87 B0 04 46 14 21 68 46 FD F7 8B F9 60 49 DF F8 7C 81 14 39 20 68 00 25 5D 4F 02 22 03 23 0E 15 4F F0 07 0C 4F F0 00 69 40 45 33 D1 38 68 40 F0 10 00 38 60 38 68 00 F0 10 00 05 90 08 68 40 F0 01 00 08 60 08 68 69 46 00 F0 01 00 05 90 58 02 8D E8 25 00 CD E9 03 3C 4E 48 FE F7
info,12001,数据帧,F9 FE 4F 4F 4D 48 38 60 C7 E9 01 95 C7 E9 03 56 7D 61 BD 61 FD 61 3D 62 38 46 7D 62 FE F7 BE FD 08 B1 FE F7 99 F8 A7 63 00 22 05 21 25 20 BC 63 FF F7 A8 F8 25 20 3A E0 DF F8 08 81 40 45 3B D1 3C 48 00 1F 07 68 47 F4 80 27 07 60 00 68 00 F4 80 20 05 90 08 68 40 F0 02 00 08 60 08 68 69 46 00 F0 02 00 05 90 4F F4 40 60 8D E8 25 00 CD E9 03 3C 35 48 FE F7 BE FE 31 4F 34 48 60 37 38 60
info,12001,数据传输,[固件升级] 发送数据帧 50/117（256 字节）
info,12001,数据帧,C7 E9 01 95 C7 E9 03 56 7D 61 BD 61 FD 61 3D 62 38 46 7D 62 FE F7 82 FD 08 B1 FE F7 5D F8 A7 63 00 22 05 21 27 20 BC 63 FF F7 6C F8 27 20 FF F7 5B F8 07 B0 BD E8 F0 83 DF F8 94 C0 60 45 F8 D1 38 68 40 F0 20 00 38 60 38 68 00 F0 20 00 05 90 08 68 40 F0 04 00 08 60 08 68 69 46 00 F0 04 00 05 90 C0 20 8D E8 25 00 08 20 CD E9 03 30 19 48 FE F7 80 FE 12 4F 11 48 C0 37 18 38 38 60 80 05
info,12001,数据帧,C7 E9 01 05 C7 E9 03 56 7D 61 BD 61 FD 61 3D 62 38 46 7D 62 FE F7 42 FD 08 B1 FE F7 1D F8 A7 63 00 22 06 21 47 20 BC 63 FF F7 2C F8 47 20 BE E7 00 10 01 40 44 38 02 40 00 00 02 40 40 64 02 40 18 36 00 20 00 48 00 40 00 04 02 40 28 60 02 40 00 14 01 40 00 08 02 40 90 F8 3E 30 20 2B 0E D1 59 B1 52 B1 90 F8 3C 30 01 2B 08 D0 01 23 80 F8 3C 30 00 23 03 63 01 F0 53 BE 01 20 70 47 02 20
info,12001,数据传输,[固件升级] 发送数据帧 51/117（256 字节）
info,12001,数据帧,70 47 70 47 70 47 90 F8 3D 30 20 2B 18 D1 A9 B1 A2 B1 90 F8 3C 30 01 2B 12 D0 01 62 82 84 C2 84 00 21 01 64 21 22 80 F8 3D 20 80 F8 3C 10 00 68 C1 68 41 F0 80 01 C1 60 00 20 70 47 01 20 70 47 02 20 70 47 04 49 00 68 09 68 88 42 03 D1 03 49 00 20 C1 F8 BC 02 70 47 D4 35 00 20 00 80 40 42 FE E7 00 00 70 B5 10 4D 01 0A 10 4C 29 72 68 72 E0 78 20 F0 7F 00 32 30 E0 70 A0 78 40 F0 40 00
info,12001,数据帧,A0 70 02 20 02 F0 67 F9 69 7A 28 7A 02 F0 98 F8 02 20 02 F0 60 F9 60 78 40 F0 01 00 60 70 20 78 20 F0 80 00 20 70 70 BD 54 00 00 20 4F 00 00 20 06 49 04 28 03 D9 48 78 40 F0 40 00 04 E0 04 4A 50 81 48 78 40 F0 80 00 48 70 70 47 4F 00 00 20 54 00 00 20 38 B5 0D 4C 20 68 00 68 C0 43 C0 06 13 D4 20 46 FF F7 FC FC 20 68 01 68 40 68 00 90 04 F1 CC 02 06 48 12 68 D0 F8 00 11 52 68 89 1A
info,12001,数据传输,[固件升级] 发送数据帧 52/117（256 字节）
info,12001,数据帧,C0 F8 04 11 01 21 80 F8 0B 11 38 BD 4C 35 00 20 94 00 00 20 70 B5 0D 4C 00 25 C4 F8 AC 52 0C 48 01 68 21 F0 40 71 01 60 01 68 41 F0 80 71 01 60 C4 F8 B0 52 02 20 04 F5 2B 74 02 F0 19 F9 01 20 20 60 02 20 02 F0 14 F9 25 60 70 BD 00 00 40 42 00 00 02 40 70 B5 0F 4C 00 26 C4 F8 AC 62 0E 48 01 68 21 F0 40 71 01 60 01 68 41 F0 80 71 01 60 01 25 C4 F8 B0 52 02 20 04 F5 2B 74 02 F0 F8 F8
info,12001,数据帧,25 60 02 20 02 F0 F4 F8 26 60 BD E8 70 40 02 20 02 F0 EE B8 00 00 40 42 00 00 02 40 2D E9 F0 41 12 48 00 24 01 68 21 F0 40 71 01 60 01 68 01 60 0F 4E 25 46 27 46 4F F0 01 08 C6 F8 AC 72 02 20 02 F0 D6 F8 C6 F8 AC 82 60 06 04 0E D6 F8 30 02 08 B1 64 1C E4 B2 02 20 02 F0 CA F8 6D 1C ED B2 08 2D EA D3 20 46 BD E8 F0 81 00 00 00 00 02 40 00 00 40 42 2D E9 F0 41 05 46 12 48 01 68 21 F0
info,12001,数据传输,[固件升级] 发送数据帧 53/117（256 字节）
info,12001,数据帧,40 71 01 60 01 68 41 F0 80 71 01 60 0E 4E 00 27 C6 F8 AC 72 3C 46 4F F0 01 08 E8 09 C6 F8 B0 02 68 06 05 0E 02 20 02 F0 A3 F8 C6 F8 AC 82 02 20 02 F0 9E F8 C6 F8 AC 72 64 1C E4 B2 08 2C EC D3 BD E8 F0 81 00 00 02 40 00 00 40 42 0D 48 10 B5 01 68 21 F0 40 71 01 60 01 68 41 F0 80 71 01 60 09 4C 01 20 C4 F8 B0 02 C4 F8 AC 02 02 20 04 F5 2B 74 02 F0 7D F8 00 20 60 60 BD E8 10 40 02 20
info,12001,数据帧,02 F0 76 B8 00 00 02 40 00 00 40 42 70 B5 0F 48 01 68 21 F0 40 71 01 60 01 68 41 F0 80 71 01 60 0B 4C 00 20 C4 F8 AC 02 C4 F8 B0 02 02 20 04 F5 2B 74 02 F0 5D F8 01 25 25 60 02 20 02 F0 58 F8 65 60 BD E8 70 40 02 20 02 F0 52 B8 00 00 02 40 00 00 40 42 70 B5 12 48 00 24 01 68 21 F0 40 71 01 60 01 68 01 60 0F 4D 01 26 C5 F8 B0 62 02 20 02 F0 3E F8 C5 F8 AC 62 02 20 08 E0 64 1C E4 B2
info,12001,数据传输,[固件升级] 发送数据帧 54/117（256 字节）
info,12001,数据帧,FA 2C 03 D9 FF F7 C2 FF 01 20 70 BD 01 20 02 F0 2F F8 D5 F8 30 02 00 28 F0 D1 C5 F8 AC 02 70 BD 00 00 02 40 00 00 40 42 01 48 FE F7 CB BD 00 00 1C 34 00 20 2D E9 F0 0F 31 4D 28 79 00 06 2A D4 30 48 00 78 01 28 26 D0 2F 49 30 4C 30 4A 0F 8E 00 23 4F F0 01 0C 0F B3 48 8E B0 F1 00 09 1D D0 A8 78 80 06 1A D5 91 F8 21 00 01 28 16 D0 10 78 C0 B1 4F F0 02 08 01 28 1D D0 0D 46 4F F0 03 0A
info,12001,数据帧,EE 6A 75 1E 02 28 20 D0 03 28 2A D0 13 70 81 F8 34 30 CB 62 53 70 BD E8 F0 0F 70 47 13 70 81 F8 34 30 04 E0 81 F8 34 30 82 F8 00 C0 53 70 CB 62 C4 F8 94 C2 20 E0 81 F8 34 C0 50 78 40 1C C0 B2 50 70 0A 28 E7 D3 53 70 0F E0 81 F8 34 80 36 B9 82 F8 00 A0 81 F8 34 A0 C1 F8 2C 90 E8 E7 CD 62 D9 E7 81 F8 34 A0 00 2E F9 D1 82 F8 00 80 81 F8 34 80 CF 62 C4 F8 94 32 BD E8 F0 0F 01 F0 86 BD
info,12001,数据传输,[固件升级] 发送数据帧 55/117（256 字节）
info,12001,数据帧,4F 00 00 20 3C 00 00 20 54 00 00 20 00 80 40 42 38 00 00 20 7F B5 00 24 1B 48 00 94 01 94 02 94 18 49 03 94 01 60 01 25 4F F4 80 31 05 61 C0 E9 01 14 05 76 80 F8 20 40 14 49 C0 E9 0A 14 02 26 C6 61 C4 60 80 F8 30 50 45 61 FE F7 9A F8 08 B1 FD F7 C2 FD 04 20 CD E9 00 05 69 46 02 94 0A 48 FD F7 E6 FF 08 B1 FD F7 B7 FD 05 20 CD E9 00 06 69 46 05 48 FD F7 DC FF 00 28 01 D0 FD F7 AC FD
info,12001,数据帧,7F BD 00 00 00 20 01 40 74 33 00 20 01 00 00 0F 19 48 08 B5 01 68 41 F4 00 11 01 60 01 68 01 F4 00 11 00 91 01 68 41 F4 80 01 01 60 00 68 00 22 00 F4 80 00 00 90 05 21 0C 20 FE F7 A3 FD 0C 20 FE F7 92 FD 00 22 05 21 38 20 FE F7 9B FD 38 20 FE F7 8A FD 00 22 05 21 39 20 FE F7 93 FD 39 20 FE F7 82 FD 00 22 05 21 3A 20 FE F7 8B FD BD E8 08 40 3A 20 FE F7 78 BD 30 38 02 40 10 B5 0E 4A
info,12001,数据传输,[固件升级] 发送数据帧 56/117（256 字节）
info,12001,数据帧,00 21 0E 48 01 F0 E0 FF 0D 4C 0B 4A 00 21 20 62 24 32 0C 48 01 F0 D8 FF 07 4A 60 62 48 32 00 21 09 48 01 F0 D1 FF 04 4A A0 62 6C 32 00 21 07 48 01 F0 CA FF E0 62 10 BD 34 73 0C 08 81 48 0C 08 BC 04 00 20 AD 48 0C 08 D9 48 0C 08 05 49 0C 08 2D E9 F0 43 87 B0 14 21 68 46 FC F7 F4 FD 5B 48 00 24 01 68 41 F0 04 01 01 60 01 68 01 F0 04 01 05 91 01 68 41 F0 80 01 01 60 01 68 01 F0 80 01
info,12001,数据帧,05 91 01 68 41 F0 01 01 01 60 01 68 01 F0 01 01 05 91 01 68 41 F0 02 01 01 60 01 68 01 F0 02 01 05 91 01 68 41 F0 08 01 01 60 00 68 48 4E 00 F0 08 00 05 90 00 22 01 21 30 46 FE F7 4B FC DF F8 14 81 00 22 40 21 40 46 FE F7 44 FC 42 4F 01 22 47 F2 F8 21 38 46 FE F7 3D FC 00 22 4F F4 00 41 38 46 FE F7 37 FC 01 22 51 02 30 46 FE F7 32 FC 01 22 4F F4 19 41 40 46 FE F7 2C FC DF F8 DC 90
info,12001,数据传输,[固件升级] 发送数据帧 57/117（256 字节）
info,12001,数据帧,01 22 04 21 48 46 FE F7 25 FC 40 F2 01 20 00 90 01 25 CD E9 01 54 69 46 30 46 03 94 FE F7 2A FB 48 F2 40 10 00 90 CD E9 01 54 69 46 40 46 03 94 FE F7 20 FB 80 20 CD E9 00 04 69 46 40 46 02 94 FE F7 18 FB 4F F4 98 70 CD E9 00 04 69 46 30 46 02 94 FE F7 0F FB CD E9 00 54 69 46 38 46 02 94 FE F7 08 FB 43 F2 F8 20 00 90 11 26 CD E9 01 64 69 46 38 46 03 94 FE F7 FD FA 4F F4 40 40 00 90
info,12001,数据帧,CD E9 01 54 69 46 38 46 03 94 FE F7 F3 FA E8 02 CD E9 00 06 02 26 CD E9 02 56 69 46 40 46 FE F7 E9 FA 28 03 CD E9 00 05 CD E9 02 56 69 46 40 46 FE F7 E0 FA 04 20 00 90 CD E9 01 54 69 46 48 46 03 94 FE F7 D7 FA 07 B0 BD E8 F0 83 30 38 02 40 00 08 02 40 00 00 02 40 00 04 02 40 00 0C 02 40 09 48 10 B5 07 49 01 60 03 21 41 60 40 F6 B8 31 81 60 FE F7 BB FB 00 28 03 D0 BD E8 10 40 FD F7
info,12001,数据传输,[固件升级] 发送数据帧 58/117（256 字节）
info,12001,数据帧,6B BC 10 BD 00 30 00 40 1C 34 00 20 0F 48 10 B5 0D 49 01 60 4F F4 82 71 41 60 00 21 81 60 C1 60 4F F4 00 72 01 61 C0 E9 05 12 C1 61 01 62 41 62 81 62 0A 21 C1 62 FE F7 4D FF 00 28 03 D0 BD E8 10 40 FD F7 49 BC 10 BD 00 3C 00 40 28 34 00 20 0C 48 10 B5 0A 49 01 60 44 F2 9F 11 41 60 00 21 63 22 C0 E9 02 12 01 61 80 21 81 61 FE F7 C8 FF 00 28 03 D0 BD E8 10 40 FD F7 2E BC 10 BD 00 00
info,12001,数据帧,00 44 01 40 80 34 00 20 10 B5 12 4C 10 48 0C 21 20 60 4F F4 E1 30 60 60 00 20 A0 60 E0 60 C4 E9 04 01 A0 61 E0 61 20 46 FF F7 08 FB 08 B1 FD F7 13 FC 20 68 C1 68 41 F0 10 01 C1 60 06 49 B1 F8 00 01 BD E8 10 40 82 B2 02 48 49 1C FF F7 04 BC 00 10 01 40 4C 35 00 20 94 00 00 20 10 B5 12 4C 10 48 0C 21 20 60 4F F4 E1 30 60 60 00 20 A0 60 E0 60 C4 E9 04 01 A0 61 E0 61 20 46 FF F7 DE FA
info,12001,数据传输,[固件升级] 发送数据帧 59/117（256 字节）
info,12001,数据帧,08 B1 FD F7 E9 FB 20 68 C1 68 41 F0 10 01 C1 60 06 49 B1 F8 00 01 BD E8 10 40 82 B2 02 48 49 1C FF F7 DA BB 00 48 00 40 90 35 00 20 A8 02 00 20 10 B5 13 4C 11 48 4F F4 80 61 20 60 4F F4 96 40 60 60 4F F4 80 50 A0 60 00 20 C4 E9 03 01 0C 21 C4 E9 05 10 E0 61 20 46 FF F7 B0 FA 08 B1 FD F7 BB FB 20 68 C1 68 41 F0 10 01 C1 60 04 49 14 22 BD E8 10 40 CA 39 02 48 FF F7 AE BB 00 14 01 40
info,12001,数据帧,D4 35 00 20 05 48 01 78 00 29 05 D1 40 78 00 28 02 D1 04 49 02 48 08 60 70 47 00 00 C0 05 00 20 04 00 FA 05 0C ED 00 E0 FE E7 00 00 70 B5 09 4D FF 23 1A 46 05 F5 80 76 05 E0 10 F8 01 4B 54 40 2A 5D 5A 40 33 5D 49 1E 89 B2 F6 D2 42 EA 03 20 70 BD 00 00 14 71 0C 08 70 B5 0C 46 05 46 03 29 29 D3 A0 1E 81 B2 28 46 FF F7 E0 FF 21 49 C3 B2 48 80 29 19 11 F8 02 2C 9A 42 1C D1 11 F8 01 1C
info,12001,数据传输,[固件升级] 发送数据帧 60/117（256 字节）
info,12001,数据帧,B1 EB 10 2F 17 D1 68 78 05 28 26 D0 08 DC 01 28 1B D0 02 28 0F D0 03 28 0D D0 04 28 08 D1 18 E0 06 28 1E D0 0F 28 06 D0 10 28 1E D0 17 28 02 D0 01 21 FD F7 1F FB 10 49 B1 F8 00 01 49 1C 82 B2 0E 48 FF F7 49 FB 00 20 70 BD 28 46 00 F0 18 F8 F1 E7 28 46 00 F0 06 F9 ED E7 28 46 00 F0 62 FA E9 E7 28 46 00 F0 A2 FA E5 E7 28 46 00 F0 50 F8 E1 E7 00 00 00 00 00 20 94 00 00 20 4C 35 00 20
info,12001,数据帧,70 B5 81 78 31 B9 C1 78 21 B9 01 79 11 B9 41 79 04 29 05 D0 40 78 BD E8 70 40 02 21 FD F7 EA BA 17 4C 00 21 17 4D 21 70 00 78 85 F8 0C 01 29 46 01 20 81 F8 0D 01 81 F8 0E 01 13 48 00 78 81 F8 0F 01 04 21 05 F5 86 70 21 70 06 46 FF F7 6E FF 60 80 21 78 6A 18 49 1C 82 F8 0C 01 CA B2 A9 18 00 0A 81 F8 0C 01 52 1C D2 B2 22 70 31 46 07 48 FF F7 09 FB BD E8 70 40 02 20 01 F0 AC BC 00 00
info,12001,数据传输,[固件升级] 发送数据帧 61/117（256 字节）
info,12001,数据帧,00 00 00 20 94 00 00 20 54 00 00 20 4C 35 00 20 2D E9 F0 47 04 46 80 78 00 28 54 D1 E3 78 4E 4E 06 21 4C 4D 10 22 DF F8 34 91 06 F5 86 77 04 2B 05 D1 63 79 03 2B 02 D1 A3 79 06 2B 02 D0 23 79 D3 B3 40 E0 28 70 14 F8 01 0B 86 F8 0C 01 42 48 80 F8 0D 21 40 4A 60 78 82 F8 0E 01 A0 78 82 F8 0F 01 E0 78 82 F8 10 01 20 79 82 F8 11 01 29 70 38 46 FF F7 1B FF 01 46 68 80 28 78 32 18 40 1C
info,12001,数据帧,82 F8 0C 11 C0 B2 32 18 09 0A 82 F8 0C 11 40 1C C2 B2 2A 70 39 46 32 48 FF F7 B5 FA E0 88 41 BA A9 F8 38 10 21 89 49 BA A9 F8 3A 10 61 89 49 BA A9 F8 3C 10 BD E8 F0 87 FF E7 63 79 02 2B 02 D1 A3 79 04 2B 05 D0 60 78 BD E8 F0 47 02 21 FD F7 51 BA B4 F8 07 30 94 F8 09 C0 5B BA 1B 04 43 EA 0C 23 94 F8 0A C0 28 70 20 78 86 F8 0C 01 1A 48 43 EA 0C 08 80 F8 0D 21 17 4A A0 78 82 F8 0E 01
info,12001,数据传输,[固件升级] 发送数据帧 62/117（256 字节）
info,12001,数据帧,15 48 E2 78 80 F8 0F 21 13 4A 20 79 82 F8 10 01 60 79 82 F8 11 01 29 70 38 46 FF F7 C7 FE 68 80 29 78 72 18 49 1C 82 F8 0C 01 C9 B2 72 18 00 0A 82 F8 0C 01 49 1C CA B2 2A 70 39 46 08 48 FF F7 62 FA E0 78 00 28 B5 D0 02 28 B3 D1 A9 F8 36 80 B0 E7 00 00 00 00 00 20 94 00 00 20 54 00 00 20 4C 35 00 20 2D E9 F8 4F 81 78 00 24 00 29 1D D1 A8 4B A7 4D 90 F8 03 C0 9A 8D 05 21 C2 F3 07 29
info,12001,数据帧,D6 B2 2F 78 93 F8 34 A0 A3 4A DF F8 90 B2 05 F5 86 78 4F F0 04 0E CD F8 00 80 BC F1 00 0F 06 D0 04 79 BC F1 1D 0F 7E D0 00 2C 7A D0 83 E0 90 F8 04 C0 BC F1 00 0F 7E D1 90 F8 05 C0 BC F1 09 0F 75 D1 93 48 DF F8 48 C2 01 46 80 F8 0C 71 81 F8 0D E1 12 20 81 F8 0E 01 98 78 81 F8 0F 01 D8 78 81 F8 10 01 18 79 81 F8 11 01 58 79 81 F8 12 01 98 79 81 F8 13 01 D8 79 81 F8 14 01 98 7B 81 F8
info,12001,数据传输,[固件升级] 发送数据帧 63/117（256 字节）
info,12001,数据帧,15 01 18 7C 81 F8 16 01 98 7C 81 F8 17 01 18 7D 81 F8 18 01 00 20 81 F8 19 01 93 F8 21 00 81 F8 1A 01 58 6A 5E 46 01 0C 0F 0A 8C F8 1B 71 67 46 87 F8 1C 11 61 46 07 0A 81 F8 1D 71 81 F8 1E 01 13 20 8B F8 00 00 50 78 00 07 02 D4 50 78 C0 06 00 D5 01 24 10 78 80 06 01 D5 44 F0 02 04 10 78 40 06 01 D5 44 F0 04 04 69 49 5C 70 20 0A 81 F8 1F 01 08 46 15 21 80 F8 20 41 31 70 00 98 FF F7
info,12001,数据帧,15 FE 70 80 31 78 6A 18 49 1C 82 F8 0C 01 C9 B2 00 0A 6A 18 49 1C 82 F8 0C 01 CA B2 32 70 7D E0 01 E0 04 E0 07 E0 34 B9 44 79 03 2C 09 D0 44 79 01 2C 27 D0 34 B3 40 78 BD E8 F8 4F 02 21 FD F7 59 B9 53 4B 00 20 85 F8 0C 71 83 F8 0D E1 06 21 83 F8 0E 11 91 78 5C 46 19 46 81 F8 0F 01 91 78 1A 46 C1 F3 40 11 82 F8 10 11 11 46 81 F8 11 01 81 F8 12 A1 81 F8 13 91 08 46 09 21 80 F8 14 61
info,12001,数据传输,[固件升级] 发送数据帧 64/117（256 字节）
info,12001,数据帧,21 70 3A E0 4F F0 01 0C DF F8 04 81 85 F8 0C C1 4F F0 02 0C 88 F8 0D E1 88 F8 0E C1 4F F0 03 0C 8B F8 00 C0 C0 78 00 27 5C 46 15 28 46 D0 08 DC A0 F1 10 00 05 28 1F D2 DF E8 00 F0 0C 13 36 38 3A 00 1D 28 43 D0 1E 28 49 D0 1F 28 4E D0 FF 28 12 D1 52 E0 2E 48 80 F8 0F 71 90 78 C0 F3 C1 00 51 E0 50 78 2A 4B C0 F3 40 10 83 F8 0F 01 50 78 C0 F3 80 10 47 E0 21 70 21 78 00 98 FF F7 96 FD
info,12001,数据帧,60 80 21 78 6A 18 49 1C 82 F8 0C 01 C9 B2 00 0A 6A 18 49 1C 82 F8 0C 01 CA B2 22 70 00 99 BD E8 F8 4F 1F 48 FF F7 2F B9 58 8B 02 E0 18 8B 00 E0 D8 8A 17 4B 02 0A 83 F8 0F 21 24 E0 14 4A 31 20 82 F8 0F 01 12 48 30 22 80 F8 10 21 D3 E7 90 78 0F 48 80 F8 0F 71 90 78 C0 F3 40 10 13 E0 0C 48 02 46 80 F8 0F 71 82 F8 10 A1 C4 E7 08 4A 10 46 82 F8 0F 91 80 F8 10 61 BD E7 10 79 04 48 80 F8
info,12001,数据传输,[固件升级] 发送数据帧 65/117（256 字节）
info,12001,数据帧,0F 71 10 79 C0 09 02 4A 82 F8 10 01 B3 E7 00 00 94 00 00 20 54 00 00 20 4F 00 00 20 00 00 00 20 4C 35 00 20 70 B5 81 78 19 B9 C1 78 09 B9 01 79 29 B1 40 78 BD E8 70 40 02 21 FD F7 9B B8 17 4E 40 79 30 70 00 F0 78 FC 16 4D 01 20 2A 46 85 F8 0C 01 05 21 82 F8 0D 11 11 46 11 4C 81 F8 0E 01 30 78 81 F8 0F 01 04 21 02 F5 86 70 21 70 06 46 FF F7 1C FD 60 80 21 78 6A 18 49 1C 82 F8 0C 01
info,12001,数据帧,CA B2 00 0A A9 18 52 1C 81 F8 0C 01 D2 B2 22 70 31 46 BD E8 70 40 04 48 FF F7 B5 B8 54 00 00 20 00 00 00 20 94 00 00 20 4C 35 00 20 2D E9 F0 47 05 46 80 78 00 28 7C D1 68 79 29 79 00 EB 01 20 84 B2 4F F6 FF 70 84 42 74 D2 DF F8 64 81 01 21 40 46 88 F8 0C 11 06 21 80 F8 0D 11 42 46 A8 78 82 F8 0E 01 E8 78 82 F8 0F 01 4F EA 14 29 10 46 82 F8 10 91 E6 B2 4D 4F 80 F8 11 61 00 F5 86 70
info,12001,数据传输,[固件升级] 发送数据帧 66/117（256 字节）
info,12001,数据帧,39 70 82 46 FF F7 D2 FC 01 46 78 80 38 78 08 EB 00 02 40 1C 82 F8 0C 11 C0 B2 0A 0A 08 EB 00 01 40 1C 81 F8 0C 21 C2 B2 3A 70 51 46 41 48 FF F7 6A F8 05 20 01 F0 0F FA E8 78 3F 49 3F 4A 17 28 5F D0 1A DC 14 28 4E D0 0E DC 88 B3 01 28 39 D0 02 28 5F D1 8C 81 90 78 40 F0 04 00 90 70 20 46 BD E8 F0 47 01 F0 80 B9 15 28 45 D0 16 28 51 D1 48 8E A0 42 4E D0 4C 86 16 E0 1A 28 49 D0 05 DC
info,12001,数据帧,18 28 44 D0 19 28 45 D1 CC 82 0D E0 AA 28 20 D0 FF 28 3F D1 10 79 01 2C 3E D0 20 F0 80 00 10 71 90 78 20 F0 01 00 90 70 BD E8 F0 47 FC F7 C4 BD 01 E0 2F E0 33 E0 81 F8 08 90 4E 72 BD E8 F0 47 FC F7 2A BE 20 46 FF F7 73 F8 BD E8 F0 47 FC F7 31 BE 01 20 FC F7 42 FC AA 20 01 F0 E3 F9 BD E8 F0 47 FF F7 4F BC 90 78 C0 F3 40 10 A0 42 11 D0 90 78 66 F3 45 10 D6 E7 08 8E A0 42 0A D0 0C 86
info,12001,数据传输,[固件升级] 发送数据帧 67/117（256 字节）
info,12001,数据帧,D2 E7 A5 2C 06 D1 BD E8 F0 47 00 F0 65 BA 0C 83 CA E7 CC 83 BD E8 F0 87 40 F0 80 00 BF E7 68 78 BD E8 F0 47 03 21 FC F7 A5 BF 00 00 00 00 00 20 94 00 00 20 4C 35 00 20 54 00 00 20 4F 00 00 20 FE E7 00 00 2D E9 F0 41 53 4E 00 25 2D ED 0C 8B 30 68 01 28 07 D1 51 49 4F F4 C8 72 01 F5 C8 60 35 60 FD F7 05 FB 4C 49 00 20 09 1D 41 F8 20 50 40 1C 02 28 FA DB 49 4A 00 20 0B 68 52 F8 30 40
info,12001,数据帧,23 44 0B 60 02 EB C0 04 4B 68 64 68 40 1C 23 44 4B 60 C8 28 F1 DB 00 20 C8 22 51 F8 20 30 B3 FB F2 F3 41 F8 20 30 40 1C 02 28 F6 DB 00 24 9F ED 3C BB 9F ED 3D CB 9F ED 3E DB 9F ED 3F 9B 88 46 9F ED 3F AB 40 4F 58 F8 24 00 FC F7 CF F9 53 EC 1B 2B FC F7 5C F9 53 EC 1C 2B FC F7 E6 F8 53 EC 1D 2B FC F7 E2 F8 41 EC 10 0B 86 ED 04 0B 14 B1 01 2C 49 D1 1A E0 53 EC 19 2B 51 EC 10 0B FC F7
info,12001,数据传输,[固件升级] 发送数据帧 68/117（256 字节）
info,12001,数据帧,EF F9 10 D2 96 ED 04 8B 53 EC 1A 2B 51 EC 18 0B FC F7 CB F8 FC F7 B7 F9 B8 70 51 EC 18 0B FC F7 B2 F9 F8 70 30 E0 BD 70 FD 70 2D E0 53 EC 19 2B 51 EC 10 0B FC F7 D4 F9 24 D2 96 ED 04 0B 9F ED 23 8B 51 EC 10 0B 53 EC 18 2B FC F7 AE F8 53 EC 18 2B FC F7 AA F8 41 EC 18 0B 53 EC 1A 2B 86 ED 04 8B FC F7 A2 F8 FC F7 8E F9 38 71 51 EC 18 0B FC F7 89 F9 C0 B2 19 21 B0 FB F1 F2 01 FB 12 00
info,12001,数据帧,78 71 01 E0 3D 71 7D 71 64 1C 02 2C 9B DB BD EC 0C 8B BD E8 F0 81 00 00 00 05 00 20 34 2D 00 20 00 00 00 00 00 FE AF 40 00 00 00 00 29 5C 0A 40 A4 70 3D 0A D7 A3 0A 40 9A 99 99 99 99 99 C9 3F 00 00 00 00 00 00 70 3F 54 00 00 20 00 00 00 00 00 00 59 40 70 B5 62 4E 30 78 20 F0 02 00 30 70 60 4C A0 78 20 F0 02 00 A0 70 96 F8 83 00 80 1E 81 B2 06 F1 42 00 05 46 FF F7 58 FB 01 46 96 F8
info,12001,数据传输,[固件升级] 发送数据帧 69/117（256 字节）
info,12001,数据帧,83 20 06 F1 40 00 10 44 96 F8 42 30 02 88 96 F8 43 00 01 2B 01 D0 0A 2B 06 D1 91 42 1C D1 52 49 04 28 58 D0 06 28 06 D0 14 22 29 46 4F 48 FE F7 D3 FE 01 20 70 BD 36 F8 44 0F 0A 2B 72 88 40 BA 52 BA 10 D0 06 28 1A D0 A0 F5 00 63 01 3B 04 D0 A0 F5 00 63 04 3B 27 D0 7B E0 60 78 02 2A 20 D0 40 F0 20 00 29 E0 E0 78 20 F0 80 00 E0 70 A0 78 20 F0 18 00 A0 70 A0 78 20 F0 04 00 68 E0 08 89
info,12001,数据帧,91 F8 21 10 40 BA 01 29 01 D0 32 B1 01 E0 82 42 03 D0 60 78 40 F0 10 00 0F E0 60 78 20 F0 10 00 0B E0 20 F0 20 00 08 E0 48 89 90 42 60 78 02 D0 40 F0 40 00 01 E0 20 F0 40 00 60 70 60 78 20 F0 02 00 60 70 20 78 40 F0 80 00 20 70 60 78 20 F0 01 00 60 70 3D E0 01 2B 02 D0 0A 2B 21 D0 38 E0 60 78 20 F0 08 00 60 70 96 F8 45 00 30 B9 96 F8 46 20 05 2A 02 D8 00 20 88 71 02 E0 88 71 96 F8
info,12001,数据传输,[固件升级] 发送数据帧 70/117（256 字节）
info,12001,数据帧,46 00 C8 71 60 78 20 F0 04 00 60 70 60 78 C0 07 1F D1 A0 78 40 07 1C D4 20 78 40 F0 80 00 20 70 17 E0 E0 78 20 F0 80 00 E0 70 96 F8 44 00 06 28 03 D1 16 F8 49 0F 71 78 21 B1 A0 78 20 F0 18 00 08 30 05 E0 01 28 A0 78 20 F0 18 00 00 D1 10 30 A0 70 14 22 29 46 05 48 FE F7 3E FE 00 20 70 BD C8 34 00 20 4F 00 00 20 54 00 00 20 D4 35 00 20 1C B5 00 21 24 20 00 F0 57 F9 00 28 2E D1 12 20
info,12001,数据帧,00 F0 E9 FF 06 22 00 21 68 46 00 F0 21 F9 00 28 24 D1 9D F8 01 00 9D F8 00 10 00 EB 01 20 10 49 C8 80 9D F8 04 00 9D F8 03 20 00 EB 02 20 88 80 88 88 00 EB 80 00 40 00 41 22 B0 FB F2 F2 01 F1 0C 00 02 80 C9 88 64 22 51 43 4F F4 BB 72 B1 FB F2 F1 A1 F5 88 51 94 39 41 80 00 20 1C BD 00 00 3C 00 00 20 10 B5 01 F0 83 FD 0F 49 00 28 0F 4C 08 78 08 D0 40 F0 20 00 08 70 FF 20 E0 81 20 82
info,12001,数据传输,[固件升级] 发送数据帧 71/117（256 字节）
info,12001,数据帧,60 82 A0 82 10 BD 20 F0 20 00 08 70 20 8A A1 7B 22 8B 00 EB 01 20 80 B2 E1 8A 00 F0 6B F8 01 0A E1 81 C0 B2 20 82 10 BD 4F 00 00 20 54 00 00 20 2D E9 F0 41 25 4C 01 26 25 4D 60 78 4F F0 02 08 01 28 13 D0 03 27 02 28 1E D0 03 28 26 D0 04 28 0A D1 A0 78 00 F0 70 F9 1E 48 C0 F8 A4 62 00 F0 55 FD 00 20 20 70 60 70 BD E8 F0 81 26 70 28 78 A0 70 00 F0 7F FD 29 20 00 F0 5E F9 02 F0 92 FB
info,12001,数据帧,A0 60 84 F8 01 80 EF E7 02 F0 8C FB A1 68 40 1A 4E F6 60 21 88 42 E7 D3 67 70 E5 E7 01 F0 28 FD 29 8A AA 7B 04 23 41 EA 02 21 8A B2 E9 8A 08 B1 6B 83 09 E0 19 B1 8A 42 04 D9 6F 83 04 E0 05 20 68 83 01 E0 A5 F8 1A 80 63 70 CD E7 3C 00 00 20 54 00 00 20 00 80 40 42 04 49 48 78 00 28 03 D1 01 20 48 70 02 49 48 83 70 47 00 00 3C 00 00 20 54 00 00 20 10 B5 04 46 2D ED 06 8B 88 42 07 D2
info,12001,数据传输,[固件升级] 发送数据帧 72/117（256 字节）
info,12001,数据帧,94 42 02 D9 80 1A 84 B2 02 E0 FC F7 B5 FE 04 46 B4 F5 FA 7F 49 D2 00 EE 10 4A 9F ED 26 AA F8 EE 40 0A 80 EE 8A 0A 10 EE 10 0A FB F7 C5 FF 9F ED 22 1B 53 EC 11 2B FB F7 B8 FE 00 EE 10 4A 41 EC 19 0B F8 EE 40 0A 80 EE 8A 0A 10 EE 10 0A FB F7 B3 FF 00 EE 10 4A 41 EC 18 0B F8 EE 40 0A 80 EE 8A 0A 10 EE 10 0A FB F7 A7 FF 9F ED 15 1B 53 EC 11 2B FB F7 9A FE 53 EC 18 2B FB F7 96 FE 53 EC
info,12001,数据帧,19 2B FB F7 8C FE 9F ED 10 1B 53 EC 11 2B FB F7 E5 FD 41 EC 18 0B 20 46 FB F7 68 FF 53 EC 18 2B FB F7 7D FE FB F7 6F FF 84 B2 BD EC 06 8B 20 46 10 BD 00 00 00 00 C8 42 00 00 00 80 3D 0A C7 3F 00 00 00 40 E1 7A 94 3F 00 00 00 A0 99 99 C9 3F 2D E9 F0 41 15 46 07 46 FE F7 38 FE 89 20 FE F7 09 FE FE F7 77 FE 28 B1 02 24 FE F7 4F FE 20 46 BD E8 F0 81 00 24 6E 1E 0C E0 01 20 FE F7 CE FD
info,12001,数据传输,[固件升级] 发送数据帧 73/117（256 字节）
info,12001,数据帧,38 55 B4 42 02 D0 FE F7 85 FD 01 E0 FE F7 A2 FD 64 1C A4 B2 AC 42 F0 D3 FE F7 38 FE 00 20 E7 E7 A2 21 30 20 AF F3 00 80 2D E9 F0 41 0F 46 06 46 FE F7 2C FE 00 24 4F F4 7A 75 FE F7 07 FE 88 20 FE F7 D8 FD FE F7 46 FE 18 B1 64 1C A4 B2 AC 42 F3 D3 AC 42 01 D1 01 24 0C E0 F0 B2 FE F7 CA FD FE F7 38 FE 28 B9 38 46 FE F7 C4 FD FE F7 32 FE 28 B1 02 24 FE F7 0A FE 20 46 BD E8 F0 81 FE F7
info,12001,数据帧,05 FE 00 20 F9 E7 00 00 09 4C 00 20 01 F0 DA FC 20 63 21 68 88 42 00 D2 20 60 61 68 88 42 00 D9 60 60 01 F0 3B FC 01 20 00 F0 CE FE ED E7 00 00 BC 04 00 20 09 4C 00 20 01 F0 C4 FC 60 63 A1 68 88 42 00 D2 A0 60 E1 68 88 42 00 D9 E0 60 01 F0 3B FC 01 20 00 F0 B8 FE ED E7 00 00 BC 04 00 20 09 4C 00 20 01 F0 AE FC A0 63 21 69 88 42 00 D2 20 61 61 69 88 42 00 D9 60 61 01 F0 35 FC 01 20
info,12001,数据传输,[固件升级] 发送数据帧 74/117（256 字节）
info,12001,数据帧,00 F0 A2 FE ED E7 00 00 BC 04 00 20 09 4C 00 20 01 F0 98 FC E0 63 A1 69 88 42 00 D2 A0 61 E1 69 88 42 00 D9 E0 61 01 F0 3D FC 01 20 00 F0 8C FE ED E7 00 00 BC 04 00 20 1C 49 10 B4 0A 78 82 42 32 D0 08 70 1A 49 C4 07 4F F0 00 03 4F F0 01 02 02 D0 C1 F8 8C 32 01 E0 C1 F8 8C 22 84 07 02 D5 C1 F8 90 32 01 E0 C1 F8 90 22 44 07 02 D5 C1 F8 94 32 01 E0 C1 F8 94 22 04 07 02 D5 C1 F8 98 32
info,12001,数据帧,01 E0 C1 F8 98 22 C4 06 02 D5 C1 F8 9C 32 01 E0 C1 F8 9C 22 80 06 02 D5 C1 F8 A4 32 01 E0 C1 F8 A4 22 10 BC 00 F0 B2 BB 10 BC 70 47 4C 00 00 20 00 80 40 42 10 B5 4F F0 E0 20 00 69 02 F0 E4 F9 01 28 03 D0 BD E8 10 40 01 F0 E6 BE 10 BD 4F F0 E0 21 00 22 0A 61 B0 F1 80 7F 01 D3 6F F0 7F 40 40 1E 48 61 8A 61 05 20 08 61 70 47 30 B5 93 B0 30 21 68 46 FB F7 A7 FC 14 21 0C A8 FB F7 A3 FC
info,12001,数据传输,[固件升级] 发送数据帧 75/117（256 字节）
info,12001,数据帧,1E 48 00 25 01 68 41 F0 80 51 01 60 00 68 00 F0 80 50 11 90 1A 48 01 68 41 F4 80 41 01 60 00 68 02 24 00 F4 80 40 11 90 09 20 00 90 4F F4 80 30 01 90 01 20 CD E9 05 04 80 05 07 90 08 AA 04 20 A8 21 82 E8 13 00 0B 90 68 46 FD F7 17 FD 08 B1 72 B6 FE E7 0C A9 0F 20 81 E8 31 00 4F F4 A0 50 0F 90 4F F4 80 50 10 90 05 21 0C A8 FD F7 FC FB 00 28 01 D0 72 B6 FE E7 13 B0 30 BD 40 38 02 40
info,12001,数据帧,00 70 00 40 02 48 01 68 41 F4 70 01 01 60 70 47 88 ED 00 E0 01 48 FD F7 C0 BF 00 00 80 34 00 20 01 48 FD F7 BA BF 00 00 38 37 00 20 F0 B5 02 68 25 4D 26 4E 26 4F DF F8 9C C0 27 4B 4F F0 80 4E A8 42 09 D0 70 45 07 D0 B0 42 05 D0 B8 42 03 D0 60 45 01 D0 98 42 03 D1 22 F0 70 04 4A 68 22 43 A8 42 1B D0 70 45 19 D0 B0 42 17 D0 B8 42 15 D0 60 45 13 D0 98 42 11 D0 18 4C A0 42 0E D0 18 4C
info,12001,数据传输,[固件升级] 发送数据帧 76/117（256 字节）
info,12001,数据帧,A0 42 0B D0 17 4C A0 42 08 D0 17 4C A0 42 05 D0 16 4C A0 42 02 D0 16 4C A0 42 03 D1 22 F4 40 74 CA 68 22 43 4C 69 22 F0 80 02 22 43 02 60 8A 68 C2 62 0A 68 82 62 A8 42 01 D0 98 42 01 D1 09 69 01 63 01 21 41 61 F0 BD 00 00 01 40 00 04 00 40 00 08 00 40 00 0C 00 40 00 04 01 40 00 40 01 40 00 44 01 40 00 48 01 40 00 18 00 40 00 1C 00 40 00 20 00 40 10 B5 80 6B 00 21 C1 85 C1 84 FE F7
info,12001,数据帧,E7 F8 10 BD 70 B5 84 6B 20 68 40 69 94 F8 3D 10 C0 F3 C0 10 00 25 21 29 04 D1 18 B1 E5 84 20 46 00 F0 8A F8 20 68 40 69 94 F8 3E 10 C0 F3 80 10 22 29 04 D1 18 B1 E5 85 20 46 00 F0 56 F8 20 6C 40 F0 10 00 20 64 20 46 FE F7 C2 F8 70 BD 10 B5 01 46 80 6B 09 68 09 68 C9 05 2F D4 00 21 C1 85 01 68 0C 31 51 E8 00 2F 22 F4 80 72 41 E8 00 23 00 2B F5 D1 01 68 14 31 51 E8 00 2F 22 F0 01 02
info,12001,数据传输,[固件升级] 发送数据帧 77/117（256 字节）
info,12001,数据帧,41 E8 00 23 00 2B F5 D1 01 68 14 31 51 E8 00 2F 22 F0 40 02 41 E8 00 23 00 2B F5 D1 20 21 80 F8 3E 10 01 6B 01 29 09 D1 01 68 0C 31 51 E8 00 2F 22 F0 10 02 41 E8 00 23 00 2B F5 D1 01 6B 01 29 02 D0 FE F7 DE FA 10 BD 81 8D FE F7 48 F8 10 BD 10 B5 80 6B 01 6B 01 29 02 D0 FE F7 D3 FA 10 BD 81 8D 49 08 FE F7 3B F8 10 BD 01 68 0C 31 51 E8 00 2F 22 F4 90 72 41 E8 00 23 00 2B F5 D1 01 68
info,12001,数据帧,14 31 51 E8 00 2F 22 F0 01 02 41 E8 00 23 00 2B F5 D1 01 6B 01 29 09 D1 01 68 0C 31 51 E8 00 2F 22 F0 10 02 41 E8 00 23 00 2B F5 D1 20 21 80 F8 3E 10 00 21 01 63 70 47 01 68 0C 31 51 E8 00 2F 22 F0 C0 02 41 E8 00 23 00 2B F5 D1 20 21 80 F8 3D 10 70 47 08 B5 90 F8 3E 10 22 29 01 D0 02 20 08 BD 81 68 4F F4 80 53 99 42 01 D1 02 69 22 B1 82 6A 99 42 1B D0 49 B1 0A E0 02 68 81 6A 52 68
info,12001,数据传输,[固件升级] 发送数据帧 78/117（256 字节）
info,12001,数据帧,C2 F3 08 02 0A 80 81 6A 89 1C 08 E0 01 69 71 B1 01 68 49 68 01 F0 7F 01 11 70 81 6A 49 1C 81 62 C1 8D 49 1E 09 04 09 0C C1 85 03 D0 19 E0 01 68 49 68 F1 E7 01 68 CA 68 22 F0 20 02 CA 60 01 68 CA 68 22 F4 80 72 CA 60 01 68 4A 69 22 F0 01 02 4A 61 20 21 80 F8 3E 10 01 6B 01 29 03 D0 FE F7 50 FA 00 20 08 BD 00 21 01 63 01 68 0C 31 51 E8 00 2F 22 F0 10 02 41 E8 00 23 00 2B F5 D1 01 68
info,12001,数据帧,0A 68 D2 06 02 D5 0A 68 49 68 00 91 81 8D FD F7 A6 FF E6 E7 70 B5 04 46 00 68 01 69 E2 68 21 F4 40 51 11 43 01 61 A1 68 20 69 E2 69 01 43 60 69 10 43 01 43 20 68 C2 68 49 F2 0C 63 9A 43 0A 43 C2 60 20 68 41 69 A2 69 21 F4 40 71 11 43 41 61 31 49 20 68 88 42 02 D0 30 49 88 42 02 D1 FD F7 0D FB 01 E0 FD F7 FA FA E2 69 00 23 19 21 64 25 32 26 B2 F5 00 4F 62 68 28 D0 A0 FB 01 01 93 0F
info,12001,数据传输,[固件升级] 发送数据帧 79/117（256 字节）
info,12001,数据帧,92 00 FB F7 43 FA 01 46 B0 FB F5 F0 6F F0 18 02 50 43 01 EB 80 00 06 EB 00 10 B0 FB F5 F0 00 F0 F0 02 B1 FB F5 F0 02 EB 00 12 B1 FB F5 F0 6F F0 18 03 58 43 01 EB 80 00 06 EB 00 10 B0 FB F5 F0 00 F0 0F 00 21 68 10 44 88 60 70 BD A0 FB 01 01 92 18 5B 41 FB F7 1A FA 01 46 B0 FB F5 F0 02 01 B1 FB F5 F0 6F F0 18 03 58 43 01 EB 80 00 06 EB C0 00 B0 FB F5 F0 00 F0 F8 00 02 EB 40 02 B1 FB
info,12001,数据帧,F5 F0 58 43 01 EB 80 00 06 EB C0 00 B0 FB F5 F0 00 F0 07 00 D6 E7 00 00 00 10 01 40 00 14 01 40 37 B5 82 B0 13 46 03 9A 82 62 83 85 00 25 04 46 05 64 22 20 84 F8 3E 00 A1 6B 1C 48 C8 63 A1 6B 1B 48 08 64 A1 6B 1B 48 C8 64 A0 6B 05 65 21 68 A0 6B 09 1D FC F7 0C FF 20 68 01 68 40 68 00 90 84 F8 3C 50 20 69 48 B1 20 68 0C 30 50 E8 00 1F 41 F4 80 71 40 E8 00 12 00 2A F5 D1 20 68 14 30
info,12001,数据传输,[固件升级] 发送数据帧 80/117（256 字节）
info,12001,数据帧,50 E8 00 1F 41 F0 01 01 40 E8 00 12 00 2A F5 D1 20 68 14 30 50 E8 00 1F 41 F0 40 01 40 E8 00 12 00 2A F5 D1 05 B0 00 20 30 BD 00 00 C7 4B 0C 08 49 4C 0C 08 7D 4B 0C 08 1F B5 00 20 00 90 01 90 02 90 03 90 5A 20 8D F8 00 00 14 20 8D F8 01 00 02 20 8D F8 02 00 1C 48 40 6A 01 0E 8D F8 03 10 01 0C 8D F8 04 10 01 0A 8D F8 05 10 8D F8 06 00 15 48 80 8D 8D F8 08 00 01 0A 13 48 8D F8 07 10
info,12001,数据帧,00 8F 01 0A 8D F8 09 10 8D F8 0A 00 0E 48 40 8F 8D F8 0C 00 01 0A 0C 48 8D F8 0B 10 80 8F 01 0A 8D F8 0D 10 8D F8 0E 00 0F 20 69 46 00 F0 C6 FA 8D F8 0F 00 10 22 69 46 04 48 FE F7 24 F9 05 20 00 F0 C9 FA 1F BD 00 00 54 00 00 20 90 35 00 20 38 B5 0D 4C 20 68 00 68 C0 43 C0 06 13 D4 20 46 FD F7 7E FE 20 68 01 68 40 68 00 90 04 F1 E8 02 06 48 12 68 D0 F8 00 11 52 68 89 1A C0 F8 04 11
info,12001,数据传输,[固件升级] 发送数据帧 81/117（256 字节）
info,12001,数据帧,01 21 80 F8 0B 11 38 BD 90 35 00 20 A8 02 00 20 70 B5 2B 4C 5A 20 21 46 20 70 14 22 01 20 4A 70 88 70 28 48 22 46 25 4D 81 7B D1 70 01 7C 11 71 81 79 51 71 21 46 C2 79 8A 71 22 46 81 78 D1 71 C1 78 00 23 11 72 09 21 29 70 90 F8 21 10 01 B1 01 21 1D 4A 56 78 36 07 08 D4 56 78 F6 06 05 D4 16 78 B6 06 02 D4 12 78 52 06 01 D5 02 22 00 E0 00 22 0A 43 62 72 A3 72 E3 72 C1 8E 0A 0A 22 73
info,12001,数据帧,61 73 01 79 A1 73 41 79 E1 73 81 7C 21 74 00 7D 60 74 12 20 28 70 0A 49 00 F0 50 FA 68 70 29 78 60 54 49 1C CA B2 2A 70 05 49 08 48 FE F7 AB F8 BD E8 70 40 05 20 00 F0 4E BA 00 00 4D 00 00 20 D0 2C 00 20 54 00 00 20 4F 00 00 20 90 35 00 20 10 B5 FE F7 FF F8 BD E8 10 40 01 48 FD F7 3A BE 4C 35 00 20 10 B5 FF F7 73 FF BD E8 10 40 01 48 FD F7 30 BE 90 35 00 20 10 B5 00 F0 2D F9 BD E8
info,12001,数据传输,[固件升级] 发送数据帧 82/117（256 字节）
info,12001,数据帧,10 40 01 48 FD F7 26 BE D4 35 00 20 16 48 00 21 01 70 16 49 D1 F8 8C 22 0A B9 01 22 02 70 D1 F8 90 22 1A B9 02 78 42 F0 02 02 02 70 D1 F8 94 22 1A B9 02 78 42 F0 04 02 02 70 D1 F8 98 22 1A B9 02 78 42 F0 08 02 02 70 D1 F8 9C 22 1A B9 02 78 42 F0 10 02 02 70 D1 F8 A4 12 00 29 03 D1 01 78 41 F0 20 01 01 70 70 47 54 00 00 20 00 80 40 42 FE E7 00 00 0B 48 10 B5 C1 78 21 F0 7F 01 32 31
info,12001,数据帧,C1 70 81 78 41 F0 40 01 81 70 02 20 00 F0 E3 F9 00 21 08 46 00 F0 14 F9 BD E8 10 40 05 20 00 F0 DA B9 00 00 4F 00 00 20 0A 48 41 78 C9 07 02 D1 81 78 49 07 04 D5 81 78 21 F0 02 01 81 70 70 47 81 78 89 07 FB D4 81 78 41 F0 02 01 81 70 00 F0 43 B8 00 00 4F 00 00 20 70 B5 09 20 FF F7 AC FB 64 20 00 F0 B8 F9 14 22 18 49 19 48 FD F7 F4 FF C8 20 00 F0 B0 F9 00 F0 53 F8 14 4D 42 3D 28 78
info,12001,数据传输,[固件升级] 发送数据帧 83/117（256 字节）
info,12001,数据帧,14 4C 80 07 0A D5 E0 78 20 F0 7F 00 32 30 E0 70 A0 78 20 F0 40 00 A0 70 FF F7 DC F8 C8 20 00 F0 9A F9 00 20 00 F0 60 F8 28 78 80 07 0C D5 E0 78 20 F0 7F 00 32 30 E0 70 A0 78 20 F0 40 00 A0 70 BD E8 70 40 FF F7 C6 B8 70 BD 00 00 0A 35 00 20 D4 35 00 20 4F 00 00 20 0D 49 10 B5 01 20 C1 F8 BC 02 0C 48 C1 78 21 F0 7F 01 32 31 C1 70 81 78 41 F0 40 01 81 70 02 20 00 F0 6D F9 08 22 06 49
info,12001,数据帧,06 48 FD F7 C0 FF BD E8 10 40 05 20 00 F0 63 B9 00 80 40 42 4F 00 00 20 24 00 00 20 D4 35 00 20 0D 49 10 B5 01 20 C1 F8 BC 02 0C 48 C1 78 21 F0 7F 01 32 31 C1 70 81 78 41 F0 40 01 81 70 02 20 00 F0 49 F9 08 22 06 49 06 48 FD F7 9C FF BD E8 10 40 05 20 00 F0 3F B9 00 80 40 42 4F 00 00 20 0C 00 00 20 D4 35 00 20 70 B5 17 4A 01 21 C2 F8 BC 12 16 4C E2 78 22 F0 7F 02 32 32 E2 70 A2 78
info,12001,数据传输,[固件升级] 发送数据帧 84/117（256 字节）
info,12001,数据帧,42 F0 40 02 A2 70 12 4D 29 70 01 0A 29 71 68 71 06 21 28 46 FE F7 CA FB A8 71 00 0A E8 71 02 20 00 F0 19 F9 08 22 29 46 0A 48 FD F7 6C FF 05 20 00 F0 11 F9 60 78 40 F0 01 00 60 70 20 78 20 F0 80 00 20 70 70 BD 00 00 00 80 40 42 4F 00 00 20 14 00 00 20 D4 35 00 20 38 B5 18 4C 20 68 00 68 C0 43 C0 06 28 D4 20 46 FD F7 BA FC 20 68 01 68 41 68 00 91 04 F5 82 71 09 68 49 68 C1 F1 14 02
info,12001,数据帧,A4 F5 86 71 81 F8 83 20 0A 78 42 F0 02 02 0A 70 01 68 41 68 00 91 01 68 41 68 00 91 01 68 41 68 00 91 01 68 40 68 00 90 A4 F1 CA 01 20 46 BD E8 38 40 14 22 FD F7 10 BF 38 BD 00 00 D4 35 00 20 0E 4B 10 B5 01 22 C3 F8 BC 22 0D 4C 22 70 20 71 61 71 06 21 20 46 FE F7 69 FB A0 71 00 0A E0 71 02 20 00 F0 B8 F8 08 22 21 46 06 48 FD F7 0B FF BD E8 10 40 05 20 00 F0 AE B8 00 00 00 80 40 42
info,12001,数据传输,[固件升级] 发送数据帧 85/117（256 字节）
info,12001,数据帧,1C 00 00 20 D4 35 00 20 10 B5 13 4C A0 78 40 07 21 D4 06 21 11 48 FE F7 49 FB 10 49 88 71 00 0A C8 71 0F 49 01 20 C1 F8 BC 02 20 79 20 F0 7F 00 32 30 20 71 E0 78 40 F0 80 00 E0 70 02 20 00 F0 8A F8 08 22 05 49 07 48 FD F7 DD FE BD E8 10 40 05 20 00 F0 80 B8 10 BD 4F 00 00 20 2C 00 00 20 00 80 40 42 D4 35 00 20 10 B5 16 4C 0A 21 21 70 06 21 61 70 00 21 A1 70 E1 70 01 0A 21 71 60 71
info,12001,数据帧,06 21 20 46 FE F7 12 FB A0 71 00 0A 0E 49 E0 71 01 20 C1 F8 BC 02 0D 48 01 79 21 F0 7F 01 32 31 01 71 C1 78 41 F0 80 01 C1 70 02 20 00 F0 53 F8 08 22 21 46 06 48 FD F7 A6 FE BD E8 10 40 05 20 00 F0 49 B8 04 00 00 20 00 80 40 42 4F 00 00 20 D4 35 00 20 09 07 09 0E 00 28 04 DB 00 F1 E0 20 80 F8 00 14 70 47 00 F0 0F 00 00 F1 E0 20 80 F8 14 1D 70 47 02 E0 08 C8 12 1F 08 C1 00 2A FA D1
info,12001,数据传输,[固件升级] 发送数据帧 86/117（256 字节）
info,12001,数据帧,70 47 70 47 00 20 01 E0 01 C1 12 1F 00 2A FB D1 70 47 00 00 07 48 01 88 0A 0A 07 49 CA 81 02 88 D2 B2 0A 82 42 88 12 0A 4A 82 40 88 C0 B2 88 82 70 47 00 00 48 00 00 20 54 00 00 20 03 46 10 B5 00 20 02 46 04 E0 8C 5C 52 1C 20 44 C0 B2 D2 B2 9A 42 F8 D3 10 BD 70 B5 05 46 00 24 4F F4 7A 76 03 E0 30 46 00 F0 04 F8 64 1C AC 42 F9 D3 70 BD 70 B5 4F F0 E0 25 00 21 6C 69 09 4A AB 69 12 68
info,12001,数据帧,50 43 AA 69 9A 42 FC D0 02 D2 A3 EB 02 03 02 E0 A4 EB 02 06 33 44 19 44 13 46 81 42 F1 D3 70 BD 34 00 00 20 FB F7 44 BF 62 B6 22 48 22 49 08 60 FC F7 D6 FB FC F7 94 FD 20 48 FF F7 08 FA FF F7 15 FA FE F7 C5 F8 FE F7 63 F8 FE F7 07 FA FE F7 2F FA FE F7 D9 F9 FE F7 1D F8 FE F7 97 F9 FE F7 B7 F9 FE F7 7D F9 05 20 FC F7 D4 FB 14 48 FD F7 D3 F9 4F F4 FA 70 FF F7 AE FF 12 48 FC F7 62 FD
info,12001,数据传输,[固件升级] 发送数据帧 87/117（256 字节）
info,12001,数据帧,40 F2 DC 50 FF F7 A7 FF 0E 48 FC F7 5B FD FF F7 E3 FD FB F7 AB FA FB F7 BB FA 0A 20 FF F7 9B FF 08 48 FC F7 4F FD 00 F0 1F F8 FE F7 67 F8 00 F0 2F F8 FE E7 00 00 0C 08 08 ED 00 E0 40 90 02 00 80 34 00 20 1C 34 00 20 10 B5 01 46 EF F3 05 80 10 B1 6F F0 05 04 04 E0 00 24 11 B1 08 46 00 F0 25 FF 20 46 10 BD 00 00 EF F3 05 80 00 28 02 D0 6F F0 05 00 70 47 05 48 01 68 11 B1 4F F0 FF 30
info,12001,数据帧,70 47 01 21 01 60 00 20 70 47 00 00 8C 05 00 20 10 B5 EF F3 05 80 00 28 02 D0 6F F0 05 00 10 BD 07 48 01 68 01 29 02 D0 4F F0 FF 30 10 BD 05 4A 00 21 11 70 02 21 01 60 00 F0 66 FF 00 20 10 BD 8C 05 00 20 1F ED 00 E0 2D E9 F0 43 85 B0 0B 46 4F F0 00 07 04 97 EF F3 05 81 00 29 4E D1 00 28 4C D0 80 24 4F F0 18 0C 89 46 49 1E 52 B3 16 68 06 B1 B1 46 95 69 05 B1 AC 46 AC F1 01 05 38 2D
info,12001,数据传输,[固件升级] 发送数据帧 88/117（256 字节）
info,12001,数据帧,03 D2 15 79 15 F0 01 0F 03 D0 05 B0 00 20 BD E8 F0 83 55 69 05 B1 AC 08 D2 F8 08 80 B8 F1 00 0F 07 D0 D6 68 5C 2E 04 D3 16 69 16 B1 0D B1 01 21 09 E0 B8 F1 00 0F 06 D1 D5 68 25 B9 15 69 15 B9 00 21 00 E0 00 21 01 29 01 D0 61 B1 16 E0 91 68 12 69 01 92 02 91 CD F8 00 C0 22 46 49 46 01 F0 E3 FA 04 90 0A E0 04 A9 01 91 A2 B2 CD F8 00 C0 49 46 01 F0 A3 FA 01 28 00 D0 04 97 04 98 05 B0
info,12001,数据帧,BD E8 F0 83 2D E9 F0 41 04 46 0F 46 13 4E F5 68 30 68 00 1D 00 F0 42 FD B4 F1 FF 3F 07 D1 37 B1 30 68 BD E8 F0 41 01 1D 0D 48 00 F0 94 BD 2C 44 30 68 44 60 AC 42 06 D2 30 68 01 1D B0 6B BD E8 F0 41 00 F0 6D BD 30 68 01 1D 70 6B 00 F0 68 FD B0 6A 84 42 00 D2 B4 62 BD E8 F0 81 3C 05 00 20 90 3C 00 20 70 B5 04 46 00 F0 82 FD 1C 4D A8 68 40 1C A8 60 28 68 10 B1 68 69 38 B1 0C E0 2C 60
info,12001,数据传输,[固件升级] 发送数据帧 89/117（256 字节）
info,12001,数据帧,A8 68 01 28 08 D1 00 F0 93 F9 05 E0 28 68 E1 6A C0 6A 88 42 00 D8 2C 60 68 6A 40 1C 68 62 60 64 E0 6A 29 69 88 42 00 D9 28 61 0E 49 00 EB 80 00 01 EB 80 00 21 1D 00 F0 4E FD 00 F0 79 FD 68 69 00 28 0C D0 28 68 E1 6A C0 6A 88 42 07 D2 06 49 4F F0 80 50 08 60 BF F3 4F 8F BF F3 6F 8F 70 BD 3C 05 00 20 E0 37 00 20 04 ED 00 E0 38 B5 00 F0 3F FD 0F 4C 20 68 B8 B9 0E 48 00 F0 03 FD 0E 48
info,12001,数据帧,00 F0 00 FD 0B 48 E0 60 14 30 20 61 00 20 0B 4B 00 90 03 F1 50 02 10 21 0A 20 00 F0 93 FF 20 60 10 B1 07 A1 00 F0 C8 FD BD E8 38 40 00 F0 40 BD 78 05 00 20 94 3D 00 20 A8 3D 00 20 A4 3C 00 20 54 6D 72 51 00 00 00 00 70 B5 0D 4C 60 68 00 28 15 D0 0C 4E 00 F0 0C FD F0 68 C5 68 28 1D 00 F0 9D FC A0 68 40 1E A0 60 60 68 40 1E 60 60 00 F0 1F FD 28 46 00 F0 51 F8 60 68 00 28 EA D1 70 BD
info,12001,数据传输,[固件升级] 发送数据帧 90/117（256 字节）
info,12001,数据帧,3C 05 00 20 7C 3C 00 20 0B 46 02 6C 00 2A 0C D0 C1 68 11 44 C1 60 D0 F8 08 C0 61 45 01 D3 01 68 C1 60 C1 68 18 46 FA F7 F5 BC 70 47 2D E9 F0 41 04 46 16 46 00 27 A5 6B 22 6C 00 2A 10 D0 C6 B1 E0 68 FA F7 E7 FC E1 68 20 6C 09 1A E1 60 22 68 91 42 02 D2 A1 68 08 1A E0 60 02 2E 16 D0 17 E0 20 68 A8 B9 A0 68 01 F0 89 FA 07 46 00 20 A0 60 0E E0 60 68 FA F7 CE FC 21 6C 60 68 08 44 60 60
info,12001,数据帧,A1 68 88 42 04 D3 20 68 60 60 01 E0 05 B1 6D 1E 68 1C A0 63 38 46 BD E8 F0 81 10 B5 04 46 94 F8 59 10 00 29 0B D0 01 29 11 D0 02 29 14 D0 50 20 80 F3 11 88 BF F3 4F 8F BF F3 6F 8F FE E7 20 6B 00 F0 CC FC 20 46 BD E8 10 40 00 F0 C7 BC 20 46 BD E8 10 40 00 F0 C2 BC 10 BD 00 00 07 49 CA 68 11 68 00 29 04 D0 00 21 01 60 19 B1 00 20 70 47 01 21 F9 E7 D0 68 00 68 70 47 00 00 78 05 00 20
info,12001,数据传输,[固件升级] 发送数据帧 91/117（256 字节）
info,12001,数据帧,4F F4 70 51 10 48 10 F0 07 0F 06 D0 C0 1D 20 F0 07 00 0D 49 41 1A C1 F5 70 51 0C 4A 10 60 00 23 53 60 01 44 08 39 21 F0 07 01 18 3A 11 60 4B 60 0B 60 0B 1A 43 60 01 60 40 68 90 60 50 60 4F F0 00 40 50 61 70 47 00 00 74 44 00 20 A8 05 00 20 07 4E 4F F0 80 54 07 4D FF F7 36 FF 30 68 01 28 FA D9 2C 60 BF F3 4F 8F BF F3 6F 8F F4 E7 00 00 E0 37 00 20 04 ED 00 E0 70 B5 1D 46 04 9C 00 29
info,12001,数据帧,09 D0 22 60 E0 63 21 64 01 21 20 46 00 F0 D2 FE 84 F8 4C 50 70 BD 24 60 F4 E7 2D E9 F0 5F 82 46 0B 9F 0A 9D 0C 9C 0E 46 90 46 9B 46 4F EA 88 01 A5 22 20 6B FA F7 40 FC 20 6B A8 F1 01 01 00 EB 81 00 20 F0 07 09 4F F0 00 08 66 B1 00 20 22 18 31 5C 82 F8 34 10 31 5C 11 B1 40 1C 10 28 F6 D3 84 F8 43 80 01 E0 84 F8 34 80 38 2D 00 D3 37 25 E5 62 E5 64 C4 F8 50 80 20 1D 00 F0 CE FB 04 F1
info,12001,数据传输,[固件升级] 发送数据帧 92/117（256 字节）
info,12001,数据帧,18 00 00 F0 CA FB 24 61 C5 F1 38 00 A0 61 64 62 C4 F8 54 80 84 F8 58 80 5A 46 51 46 48 46 00 F0 D1 FA 20 60 00 2F 00 D0 3C 60 BD E8 F0 9F 00 00 70 B5 00 24 0F 4D 04 EB 84 00 05 EB 80 00 00 F0 A1 FB 64 1C 38 2C F6 D3 0B 48 00 F0 9B FB 0B 48 00 F0 98 FB 0A 48 00 F0 95 FB 0A 48 00 F0 92 FB 09 48 00 F0 8F FB 09 48 03 49 41 63 14 31 81 63 70 BD 00 00 E0 37 00 20 40 3C 00 20 54 3C 00 20
info,12001,数据帧,68 3C 00 20 7C 3C 00 20 90 3C 00 20 3C 05 00 20 10 B4 14 49 00 E0 11 46 0A 68 82 42 FB D3 4B 68 03 EB 01 0C 84 45 03 D1 40 68 18 44 48 60 08 46 0C 68 D0 F8 04 C0 0C EB 00 03 A3 42 0C D1 0A 4B 1B 68 9A 42 06 D0 52 68 62 44 42 60 0A 68 12 68 02 60 02 E0 03 60 00 E0 02 60 81 42 00 D0 08 60 10 BC 70 47 A8 05 00 20 90 05 00 20 10 B5 00 24 41 60 00 61 DF F8 38 C0 91 42 0B D8 D1 1A 82 69
info,12001,数据传输,[固件升级] 发送数据帧 93/117（256 字节）
info,12001,数据帧,91 42 01 D3 01 24 10 E0 01 1D DC F8 10 00 00 F0 47 FB 0A E0 9A 42 03 D2 99 42 01 D3 01 24 04 E0 01 1D DC F8 0C 00 00 F0 3B FB 20 46 10 BD 00 00 78 05 00 20 10 B5 04 46 00 F0 5A FB A0 6B 20 B1 00 24 00 F0 75 FB 20 46 10 BD 01 24 F9 E7 10 B5 04 46 00 F0 4D FB A0 6B E1 6B 88 42 01 D1 01 24 00 E0 00 24 00 F0 64 FB 20 46 10 BD F8 B5 05 46 0E 46 17 48 C0 68 C0 68 C4 68 20 1D 00 F0 CE FA
info,12001,数据帧,94 F8 28 00 10 F0 04 0F 18 D0 A0 69 2B 46 41 19 32 46 20 46 FF F7 AA FF A0 B1 00 20 03 46 01 46 00 90 2A 46 20 46 01 F0 FF F9 58 B9 50 20 80 F3 11 88 BF F3 4F 8F BF F3 6F 8F FE E7 20 F0 01 00 84 F8 28 00 21 6A 01 B0 20 46 BD E8 F0 40 08 47 78 05 00 20 30 B5 87 B0 41 4D 00 22 02 A9 28 68 00 F0 08 FF 00 28 75 D0 02 98 00 28 03 DA 03 9A 05 99 04 98 90 47 02 98 00 28 64 DB 04 9C 60 69
info,12001,数据传输,[固件升级] 发送数据帧 94/117（256 字节）
info,12001,数据帧,10 B1 20 1D 00 F0 8A FA 01 A8 00 F0 B3 F8 02 46 02 98 0A 28 57 D2 DF E8 00 F0 05 05 05 2F 36 4D 05 05 2F 36 94 F8 28 00 40 F0 01 00 84 F8 28 00 03 98 A1 69 03 46 01 44 20 46 FF F7 57 FF 00 28 41 D0 21 6A 20 46 88 47 94 F8 28 00 10 F0 04 0F 39 D0 00 20 00 90 03 98 A1 69 00 23 42 18 19 46 20 46 01 F0 A1 F9 70 BB 50 20 80 F3 11 88 BF F3 4F 8F BF F3 6F 8F FE E7 94 F8 28 00 20 F0 01 00
info,12001,数据帧,84 F8 28 00 1F E0 94 F8 28 00 40 F0 01 00 84 F8 28 00 03 98 A0 61 28 B1 81 18 13 46 20 46 FF F7 25 FF 10 E0 50 20 80 F3 11 88 BF F3 4F 8F BF F3 6F 8F FE E7 94 F8 28 00 10 F0 02 0F 0C D0 20 F0 01 00 84 F8 28 00 00 22 02 A9 28 68 00 F0 92 FE 00 28 89 D1 07 B0 30 BD 20 46 00 F0 BF FA F2 E7 78 05 00 20 F8 B5 05 46 0C 46 00 F0 15 FC 68 46 00 F0 40 F8 06 46 00 98 10 B1 01 F0 BB F8 F8 BD
info,12001,数据传输,[固件升级] 发送数据帧 95/117（256 字节）
info,12001,数据帧,44 B9 B5 42 06 D8 01 F0 B5 F8 31 46 28 46 FF F7 2D FF F8 BD 0C 48 1C B1 01 69 09 68 91 B1 00 24 A9 1B 22 46 00 68 00 F0 1B FB 01 F0 A3 F8 00 28 EF D1 06 49 4F F0 80 50 08 60 BF F3 4F 8F BF F3 6F 8F F8 BD 01 24 EB E7 78 05 00 20 04 ED 00 E0 07 49 48 6B 00 68 00 28 05 D0 48 6B C0 68 C0 68 40 68 88 62 70 47 4F F0 FF 30 88 62 70 47 00 00 3C 05 00 20 70 B5 04 46 00 F0 94 FF 05 46 07 4E
info,12001,数据帧,B0 68 85 42 04 D2 00 F0 0B F8 01 20 20 60 01 E0 00 20 20 60 B5 60 28 46 70 BD 00 00 78 05 00 20 F8 B5 1C 4E F0 68 00 68 00 28 26 D0 00 27 F0 68 C0 68 05 68 C4 68 20 1D 00 F0 B0 F9 21 6A 20 46 88 47 94 F8 28 00 10 F0 04 0F 12 D0 A0 69 28 44 A8 42 06 D9 60 60 24 61 21 1D F0 68 00 F0 E0 F9 07 E0 00 23 2A 46 19 46 20 46 00 97 01 F0 DC F8 40 B1 F0 68 00 68 00 28 D9 D1 F0 68 31 69 F1 60
info,12001,数据传输,[固件升级] 发送数据帧 96/117（256 字节）
info,12001,数据帧,30 61 F8 BD 50 20 80 F3 11 88 BF F3 4F 8F BF F3 6F 8F FE E7 78 05 00 20 00 21 02 78 A5 2A 04 D1 40 1C 49 1C 02 78 A5 2A FA D0 88 08 80 B2 70 47 0A 48 40 68 B0 F1 FF 3F 07 D0 50 20 80 F3 11 88 BF F3 4F 8F BF F3 6F 8F FE E7 50 20 80 F3 11 88 BF F3 4F 8F BF F3 6F 8F FE E7 00 00 B0 05 00 20 82 B0 01 A8 FF F7 3A FD 01 99 FF F7 3B FF FF F7 B1 FE F6 E7 70 B5 04 46 00 F0 BA F9 94 F9 45 50
info,12001,数据帧,00 2D 0C DD 60 6A 50 B1 04 F1 24 00 00 F0 B6 FF 08 B1 00 F0 BB FA 68 1E 45 B2 00 2D F2 DC 4F F0 FF 36 84 F8 45 60 00 F0 C3 F9 00 F0 A1 F9 94 F9 44 50 00 2D 0C DD 20 69 50 B1 04 F1 10 00 00 F0 9D FF 08 B1 00 F0 A2 FA 68 1E 45 B2 00 2D F2 DC 84 F8 44 60 BD E8 70 40 00 F0 AA B9 2D E9 F0 41 05 46 00 26 00 F0 18 FB 34 4F 38 68 08 B9 FF F7 07 FD 78 69 05 42 51 D1 9D B1 08 35 15 F0 07 0F
info,12001,数据传输,[固件升级] 发送数据帧 97/117（256 字节）
info,12001,数据帧,0F D0 05 F0 07 00 C0 F1 08 00 05 44 15 F0 07 0F 07 D0 50 20 80 F3 11 88 BF F3 4F 8F BF F3 6F 8F FE E7 00 2D 3A D0 78 68 85 42 37 D8 24 49 08 46 04 68 01 E0 21 46 04 46 60 68 A8 42 02 D2 20 68 00 28 F7 D1 38 68 84 42 28 D0 08 68 00 F1 08 06 20 68 08 60 60 68 41 1B 10 29 0F D9 60 19 10 F0 07 0F 07 D0 50 20 80 F3 11 88 BF F3 4F 8F BF F3 6F 8F FE E7 41 60 65 60 FF F7 8A FD 61 68 78 68
info,12001,数据帧,40 1A 78 60 BA 68 90 42 00 D2 B8 60 78 69 08 43 60 60 00 20 20 60 F8 68 40 1C F8 60 00 F0 6A FF 16 F0 07 0F 07 D0 50 20 80 F3 11 88 BF F3 4F 8F BF F3 6F 8F FE E7 30 46 BD E8 F0 81 90 05 00 20 A8 05 00 20 00 1F 4F F0 80 73 03 60 00 1F 21 F0 01 01 01 60 00 1F 05 49 01 60 14 38 02 60 00 1F 6F F0 02 01 01 60 20 38 70 47 00 00 29 5F 0C 08 10 B5 FE F7 3D FA 04 00 0B D0 FD F7 C7 F9 FE F7
info,12001,数据传输,[固件升级] 发送数据帧 98/117（256 字节）
info,12001,数据帧,8F FB 05 4A FF 21 D1 81 11 82 51 82 91 82 20 46 10 BD FF F7 FF F9 FA E7 54 00 00 20 10 B5 FD F7 03 FA 08 48 90 F8 0B 11 01 29 0A D1 00 21 80 F8 0B 11 B0 F8 04 11 BD E8 10 40 89 B2 40 1C FD F7 CB BC 10 BD 94 00 00 20 05 48 00 78 80 07 06 D5 04 48 81 78 21 F0 40 01 81 70 FE F7 3B B9 70 47 C8 34 00 20 4F 00 00 20 10 B5 0D 4C 20 78 C0 07 05 D0 20 78 20 F0 01 00 20 70 FB F7 87 F9 20 78
info,12001,数据帧,80 07 0B D5 20 78 20 F0 02 00 20 70 FE F7 50 FA FE F7 28 FA BD E8 10 40 FF F7 06 B8 10 BD 00 00 4F 00 00 20 10 B5 1A 4C 20 78 00 07 2F D5 20 78 20 F0 08 00 20 70 FE F7 2B FF FE F7 BD FE FE F7 41 F8 FD F7 B7 F9 FB F7 D7 F8 12 49 91 F8 21 00 01 28 0B D1 48 6A 4F F6 FF 72 90 42 01 D2 40 1C 48 62 88 6A 0A 28 01 D2 40 1C 88 62 E0 78 00 06 07 D4 60 78 C0 07 04 D1 A0 78 40 07 01 D4 FF F7
info,12001,数据传输,[固件升级] 发送数据帧 99/117（256 字节）
info,12001,数据帧,03 F9 BD E8 10 40 40 21 03 48 FB F7 1B BF 10 BD 4F 00 00 20 54 00 00 20 00 00 02 40 01 69 43 68 82 68 9A 60 83 68 42 68 5A 60 4A 68 82 42 01 D1 82 68 4A 60 00 22 02 61 08 68 40 1E 08 60 08 68 70 47 00 00 00 28 01 D1 02 48 00 68 00 6B FF F7 63 BE 00 00 3C 05 00 20 03 4B 03 60 03 F1 5C 00 08 60 80 20 10 60 70 47 BC 3D 00 20 04 4B 03 60 03 F1 5C 00 08 60 4F F4 80 70 10 60 70 47 00 00
info,12001,数据帧,18 40 00 20 00 F1 08 01 41 60 4F F0 FF 32 82 60 C1 60 01 61 00 21 01 60 70 47 00 21 01 61 70 47 10 B4 D1 F8 00 C0 BC F1 FF 3F 02 D0 00 F1 08 02 02 E0 02 69 04 E0 1A 46 53 68 1C 68 64 45 FA D9 53 68 4B 60 99 60 8A 60 51 60 08 61 01 68 49 1C 01 60 10 BC 70 47 42 68 4A 60 93 68 8B 60 93 68 59 60 91 60 08 61 01 68 49 1C 01 60 70 47 00 00 50 20 80 F3 11 88 BF F3 4F 8F BF F3 6F 8F 0A 49
info,12001,数据传输,[固件升级] 发送数据帧 100/117（256 字节）
info,12001,数据帧,48 68 40 1C 48 60 01 28 0C D1 08 48 00 68 10 F0 FF 0F 07 D0 50 20 80 F3 11 88 BF F3 4F 8F BF F3 6F 8F FE E7 70 47 00 00 B0 05 00 20 04 ED 00 E0 09 49 48 68 00 28 06 D0 40 1E 48 60 00 28 01 D1 80 F3 11 88 70 47 50 20 80 F3 11 88 BF F3 4F 8F BF F3 6F 8F FE E7 00 00 B0 05 00 20 70 B5 00 28 2A D0 A0 F1 08 04 15 4D 60 68 69 69 08 42 07 D1 50 20 80 F3 11 88 BF F3 4F 8F BF F3 6F 8F FE E7
info,12001,数据帧,22 68 3A B1 50 20 80 F3 11 88 BF F3 4F 8F BF F3 6F 8F FE E7 88 43 60 60 00 F0 3E F9 60 68 69 68 08 44 68 60 20 46 FF F7 F3 FB 28 69 40 1C 28 61 BD E8 70 40 00 F0 DE BD 70 BD 00 00 90 05 00 20 4F F0 E0 20 00 21 01 61 81 61 05 49 4F F4 7A 72 09 68 B1 FB F2 F1 49 1E 41 61 07 21 01 61 70 47 38 05 00 20 10 B5 F9 F7 3B FF 11 49 10 28 0E D3 00 F1 E0 20 90 F8 F0 03 0A 78 90 42 07 D2 50 20
info,12001,数据传输,[固件升级] 发送数据帧 101/117（256 字节）
info,12001,数据帧,80 F3 11 88 BF F3 4F 8F BF F3 6F 8F FE E7 09 48 00 68 89 68 00 F4 E0 60 88 42 07 D9 50 20 80 F3 11 88 BF F3 4F 8F BF F3 6F 8F FE E7 10 BD 00 00 B0 05 00 20 0C ED 00 E0 00 22 08 4B 53 F8 32 C0 BC F1 00 0F 03 D0 52 1C 08 2A F7 D3 70 47 43 F8 32 10 03 EB C2 01 48 60 70 47 00 00 A0 37 00 20 70 B5 04 46 0D 46 16 46 FF F7 42 FF 94 F9 44 00 B0 F1 FF 3F 4F F0 00 00 01 D1 84 F8 44 00 94 F9
info,12001,数据帧,45 10 B1 F1 FF 3F 01 D1 84 F8 45 00 FF F7 50 FF A0 6B 28 B9 32 46 29 46 04 F1 24 00 00 F0 56 F8 20 46 BD E8 70 40 FF F7 65 BD 00 00 10 B5 02 46 00 20 00 2A 12 D0 0F 48 00 6B 38 B1 50 20 80 F3 11 88 BF F3 4F 8F BF F3 6F 8F FE E7 00 F0 A4 F8 00 21 10 46 FF F7 56 F9 00 F0 4C FD 00 28 07 D1 05 49 4F F0 80 50 08 60 BF F3 4F 8F BF F3 6F 8F 10 BD 00 00 3C 05 00 20 04 ED 00 E0 02 49 0A 6A
info,12001,数据传输,[固件升级] 发送数据帧 102/117（256 字节）
info,12001,数据帧,02 60 C9 68 41 60 70 47 3C 05 00 20 01 49 01 20 C8 61 70 47 3C 05 00 20 10 B5 0C 46 00 28 0B D0 09 4A 12 68 02 F1 18 01 FF F7 BA FE 20 46 BD E8 10 40 01 21 FF F7 26 B9 50 20 80 F3 11 88 BF F3 4F 8F BF F3 6F 8F FE E7 3C 05 00 20 70 B5 0D 46 14 46 00 28 0D D0 0B 49 09 68 18 31 FF F7 BB FE 0C B1 4F F0 FF 35 21 46 28 46 BD E8 70 40 FF F7 09 B9 50 20 80 F3 11 88 BF F3 4F 8F BF F3 6F 8F
info,12001,数据帧,FE E7 00 00 3C 05 00 20 30 B5 87 B0 00 25 06 95 05 95 04 AA 05 A9 06 A8 FF F7 5E FE 06 98 05 99 01 91 02 90 00 23 00 95 17 A1 19 48 04 9A 00 F0 BB FB 18 4C E0 62 08 B1 01 20 00 E0 00 20 01 28 01 D1 00 F0 3D FD 01 28 0A D0 B0 F1 FF 3F 19 D1 50 20 80 F3 11 88 BF F3 4F 8F BF F3 6F 8F FE E7 50 20 80 F3 11 88 BF F3 4F 8F BF F3 6F 8F 4F F0 FF 30 A0 62 01 20 60 61 E5 60 07 B0 BD E8 30 40
info,12001,数据传输,[固件升级] 发送数据帧 103/117（256 字节）
info,12001,数据帧,00 F0 48 B8 07 B0 30 BD 49 44 4C 45 00 00 00 00 49 5A 0C 08 3C 05 00 20 02 48 01 6B 49 1C 01 63 70 47 00 00 3C 05 00 20 18 4B 18 6B 00 28 02 D0 01 20 D8 61 70 47 00 20 D8 61 18 69 14 49 00 EB 80 02 51 F8 22 20 3A B9 C0 B1 40 1E 00 EB 80 02 51 F8 22 20 00 2A F7 D0 00 EB 80 02 01 EB 82 01 4A 68 52 68 4A 60 01 F1 08 0C 62 45 01 D1 52 68 4A 60 49 68 C9 68 19 60 18 61 70 47 50 20 80 F3
info,12001,数据帧,11 88 BF F3 4F 8F BF F3 6F 8F FE E7 3C 05 00 20 E0 37 00 20 10 B5 82 B0 38 48 01 68 38 4A 91 42 07 D1 50 20 80 F3 11 88 BF F3 4F 8F BF F3 6F 8F FE E7 00 68 33 49 88 42 07 D1 50 20 80 F3 11 88 BF F3 4F 8F BF F3 6F 8F FE E7 2F 49 08 78 01 90 FF 20 08 70 08 78 00 90 9D F8 00 00 9D F8 00 20 00 F0 F0 00 90 42 07 D0 50 20 80 F3 11 88 BF F3 4F 8F BF F3 6F 8F FE E7 9D F8 00 00 23 4C 00 F0
info,12001,数据传输,[固件升级] 发送数据帧 104/117（256 字节）
info,12001,数据帧,50 00 20 70 07 20 A0 60 9D F8 00 00 10 F0 80 0F 0B D0 A0 68 40 1E A0 60 9D F8 00 00 40 00 00 90 9D F8 00 00 10 F0 80 0F F3 D1 A0 68 03 28 07 D0 50 20 80 F3 11 88 BF F3 4F 8F BF F3 6F 8F FE E7 4F F4 40 70 A0 60 01 98 08 70 11 48 01 68 41 F4 70 01 01 60 01 68 41 F0 70 41 01 60 FF F7 30 FE 00 20 60 60 F9 F7 44 FD 0A 48 01 68 41 F0 40 41 01 60 F9 F7 29 FD 02 B0 00 20 10 BD 00 ED 00 E0
info,12001,数据帧,71 C2 0F 41 70 C2 0F 41 00 E4 00 E0 B0 05 00 20 20 ED 00 E0 34 EF 00 E0 10 B5 50 20 80 F3 11 88 BF F3 4F 8F BF F3 6F 8F 00 F0 02 FB 18 B1 04 49 4F F0 80 50 08 60 00 20 80 F3 11 88 10 BD 00 00 04 ED 00 E0 38 B5 04 9D 00 28 04 D0 5B B1 02 B1 89 B1 C2 B1 20 E0 50 20 80 F3 11 88 BF F3 4F 8F BF F3 6F 8F FE E7 50 20 80 F3 11 88 BF F3 4F 8F BF F3 6F 8F FE E7 50 20 80 F3 11 88 BF F3 4F 8F
info,12001,数据传输,[固件升级] 发送数据帧 105/117（256 字节）
info,12001,数据帧,BF F3 6F 8F FE E7 39 B1 50 20 80 F3 11 88 BF F3 4F 8F BF F3 6F 8F FE E7 4F F0 50 0C CD F8 00 C0 1C 46 01 23 84 F8 46 30 2B 46 00 94 FF F7 24 F9 20 46 38 BD 70 B5 04 46 0D 46 00 2C 25 D0 FF F7 57 FD 22 6C E1 6B 20 68 01 FB 02 00 A0 60 00 20 A0 63 20 68 60 60 E1 6B 22 6C 20 68 49 1E 01 FB 02 00 E0 60 4F F0 FF 30 84 F8 44 00 84 F8 45 00 9D B1 04 F1 10 00 FF F7 05 FD 04 F1 24 00 FF F7
info,12001,数据帧,01 FD FF F7 55 FD 01 20 70 BD 50 20 80 F3 11 88 BF F3 4F 8F BF F3 6F 8F FE E7 20 69 00 28 F0 D0 04 F1 10 00 00 F0 2A FB 00 28 EA D0 04 49 4F F0 80 50 08 60 BF F3 4F 8F BF F3 6F 8F E1 E7 00 00 04 ED 00 E0 2D E9 FF 47 82 B0 04 46 8A 46 1F 46 00 25 00 2C 03 D0 BA F1 00 0F 08 D0 11 E0 50 20 80 F3 11 88 BF F3 4F 8F BF F3 6F 8F FE E7 20 6C 38 B1 50 20 80 F3 11 88 BF F3 4F 8F BF F3 6F 8F
info,12001,数据传输,[固件升级] 发送数据帧 106/117（256 字节）
info,12001,数据帧,FE E7 02 2F 0A D1 E0 6B 01 28 07 D0 50 20 80 F3 11 88 BF F3 4F 8F BF F3 6F 8F FE E7 00 F0 34 FA 48 B9 04 98 38 B1 50 20 80 F3 11 88 BF F3 4F 8F BF F3 6F 8F FE E7 00 26 4F F0 80 58 DF F8 F0 90 FF F7 D6 FC A0 6B E1 6B 88 42 05 D3 02 2F 03 D0 04 98 08 B3 35 B3 29 E0 3A 46 51 46 20 46 FE F7 E5 FF 61 6A 59 B1 04 F1 24 00 00 F0 C7 FA 68 B1 C9 F8 00 80 BF F3 4F 8F BF F3 6F 8F 06 E0 28 B1
info,12001,数据帧,C9 F8 00 80 BF F3 4F 8F BF F3 6F 8F FF F7 D0 FC 06 B0 01 20 BD E8 F0 87 FF F7 CA FC 06 B0 00 20 BD E8 F0 87 68 46 FF F7 A9 FD 01 25 FF F7 C0 FC FF F7 32 FE FF F7 9C FC 94 F9 44 00 B0 F1 FF 3F 01 D1 84 F8 44 60 94 F9 45 00 B0 F1 FF 3F 01 D1 84 F8 45 60 FF F7 AC FC 04 A9 68 46 00 F0 2E F9 40 B1 20 46 FF F7 C6 FA 00 F0 C4 FA 06 B0 00 20 BD E8 F0 87 20 46 FF F7 2A F9 90 B1 04 F1 10 00
info,12001,数据传输,[固件升级] 发送数据帧 107/117（256 字节）
info,12001,数据帧,04 99 FF F7 89 FD 20 46 FF F7 B4 FA 00 F0 B2 FA 00 28 95 D1 C9 F8 00 80 BF F3 4F 8F BF F3 6F 8F 8E E7 20 46 FF F7 A6 FA 00 F0 A4 FA 88 E7 00 00 04 ED 00 E0 2D E9 F0 47 04 46 89 46 17 46 1E 46 00 2C 03 D0 B9 F1 00 0F 08 D0 11 E0 50 20 80 F3 11 88 BF F3 4F 8F BF F3 6F 8F FE E7 20 6C 38 B1 50 20 80 F3 11 88 BF F3 4F 8F BF F3 6F 8F FE E7 02 2E 0A D1 E0 6B 01 28 07 D0 50 20 80 F3 11 88
info,12001,数据帧,BF F3 4F 8F BF F3 6F 8F FE E7 FF F7 AB FC 50 20 EF F3 11 88 80 F3 11 88 BF F3 4F 8F BF F3 6F 8F A0 6B E1 6B 88 42 06 D3 02 2E 04 D0 00 20 88 F3 11 88 BD E8 F0 87 94 F9 45 50 A0 6B 32 46 49 46 20 46 FE F7 33 FF B5 F1 FF 3F 04 D0 68 1C 84 F8 45 00 01 20 EB E7 60 6A 00 28 FA D0 04 F1 24 00 00 F0 0C FA 00 28 F4 D0 00 2F F2 D0 01 20 38 60 EF E7 00 00 2D E9 F7 47 83 B0 04 46 8A 46 00 25
info,12001,数据传输,[固件升级] 发送数据帧 108/117（256 字节）
info,12001,数据帧,00 2C 03 D0 BA F1 00 0F 08 D0 11 E0 50 20 80 F3 11 88 BF F3 4F 8F BF F3 6F 8F FE E7 20 6C 38 B1 50 20 80 F3 11 88 BF F3 4F 8F BF F3 6F 8F FE E7 00 F0 2A F9 48 B9 05 98 38 B1 50 20 80 F3 11 88 BF F3 4F 8F BF F3 6F 8F FE E7 00 27 4F F0 80 58 DF F8 E4 90 FF F7 CC FB A6 6B C6 B1 51 46 20 46 FE F7 D2 FE 70 1E A0 63 20 69 50 B1 04 F1 10 00 00 F0 C4 F9 28 B1 C9 F8 00 80 BF F3 4F 8F BF F3
info,12001,数据帧,6F 8F FF F7 D5 FB 06 B0 01 20 BD E8 F0 87 05 98 08 B1 35 B1 09 E0 FF F7 CB FB 06 B0 00 20 BD E8 F0 87 68 46 FF F7 AA FC 01 25 FF F7 C1 FB FF F7 33 FD FF F7 9D FB 94 F9 44 00 B0 F1 FF 3F 01 D1 84 F8 44 70 94 F9 45 00 B0 F1 FF 3F 01 D1 84 F8 45 70 FF F7 AD FB 05 A9 68 46 00 F0 2F F8 68 B1 20 46 FF F7 C7 F9 00 F0 C5 F9 20 46 FF F7 22 F8 00 28 AF D0 06 B0 00 20 BD E8 F0 87 20 46 FF F7
info,12001,数据传输,[固件升级] 发送数据帧 109/117（256 字节）
info,12001,数据帧,19 F8 90 B1 04 F1 24 00 05 99 FF F7 85 FC 20 46 FF F7 B0 F9 00 F0 AE F9 00 28 9B D1 C9 F8 00 80 BF F3 4F 8F BF F3 6F 8F 94 E7 20 46 FF F7 A2 F9 00 F0 A0 F9 8E E7 00 00 04 ED 00 E0 70 B5 05 46 0C 46 00 2D 15 D0 E4 B1 FF F7 52 FB DF F8 68 C0 DC F8 0C 00 6B 68 C1 1A 22 68 B2 F1 FF 3F 18 D0 2E 68 DC F8 20 C0 66 45 15 D0 83 42 13 D8 01 24 1D E0 50 20 80 F3 11 88 BF F3 4F 8F BF F3 6F 8F
info,12001,数据帧,FE E7 50 20 80 F3 11 88 BF F3 4F 8F BF F3 6F 8F FE E7 00 24 0B E0 8A 42 06 D9 50 1A 20 60 28 46 FF F7 2C FC 00 24 02 E0 00 20 20 60 01 24 FF F7 3F FB 20 46 70 BD 00 00 3C 05 00 20 2D E9 F0 4F 85 B0 81 46 0F 9F 0E 9E 8A 46 90 46 9B 46 4F EA 88 00 FF F7 83 F9 05 46 28 00 0A D0 5C 20 FF F7 7D F9 04 46 0C B1 25 63 04 E0 28 46 FF F7 36 FB 00 E0 00 24 9C B1 00 20 84 F8 59 00 03 90 5B 46
info,12001,数据传输,[固件升级] 发送数据帧 110/117（256 字节）
info,12001,数据帧,42 46 51 46 01 97 00 96 02 94 48 46 FE F7 C5 FE 20 46 FE F7 67 FD 05 B0 01 20 BD E8 F0 8F 05 B0 4F F0 FF 30 BD E8 F0 8F 70 B5 86 B0 06 46 DD F8 28 C0 0C 9C 0B 98 00 28 16 D0 EC B1 5C 25 04 95 20 63 02 20 84 F8 59 00 00 20 05 AD 03 90 CD F8 00 C0 01 95 02 94 30 46 FE F7 9F FE 20 46 FE F7 41 FD 05 98 06 B0 70 BD 50 20 80 F3 11 88 BF F3 4F 8F BF F3 6F 8F FE E7 50 20 80 F3 11 88 BF F3
info,12001,数据帧,4F 8F BF F3 6F 8F FE E7 05 48 41 69 00 29 03 D0 00 6B 18 B1 00 20 70 47 01 20 70 47 02 20 70 47 3C 05 00 20 01 48 C0 68 70 47 00 00 3C 05 00 20 2D E9 F0 41 00 26 2F 4F 38 6B 00 28 05 D0 B8 69 40 1C B8 61 30 46 BD E8 F0 81 F8 68 45 1C FD 60 9D B9 78 6B 00 68 38 B1 50 20 80 F3 11 88 BF F3 4F 8F BF F3 6F 8F FE E7 78 6B B9 6B 79 63 B8 63 38 6A 40 1C 38 62 FF F7 2B F8 B8 6A DF F8 78 80
info,12001,数据传输,[固件升级] 发送数据帧 111/117（256 字节）
info,12001,数据帧,85 42 0D D3 78 6B 00 68 38 B1 78 6B C0 68 C4 68 60 68 85 42 12 D2 B8 62 02 E0 4F F0 FF 30 B8 62 38 68 C0 6A 00 EB 80 00 58 F8 20 00 01 28 00 D9 01 26 F8 69 00 28 C5 D0 01 26 C3 E7 20 1D FF F7 ED F9 A0 6A 18 B1 04 F1 18 00 FF F7 E7 F9 E1 6A 38 69 81 42 00 D9 39 61 01 EB 81 00 08 EB 80 00 21 1D FF F7 38 FA E0 6A 39 68 C9 6A 88 42 C9 D3 01 26 C7 E7 3C 05 00 20 E0 37 00 20 70 B5 04 46
info,12001,数据帧,00 21 00 28 33 D0 1B 4D 28 68 84 42 07 D0 50 20 80 F3 11 88 BF F3 4F 8F BF F3 6F 8F FE E7 20 6D 38 B1 40 1E 20 65 E3 6C E2 6A 9A 42 1F D0 40 B1 1D E0 50 20 80 F3 11 88 BF F3 4F 8F BF F3 6F 8F FE E7 20 1D FF F7 AA F9 E0 6C E0 62 C0 F1 38 00 A0 61 E0 6A 29 69 88 42 00 D9 28 61 06 49 00 EB 80 00 01 EB 80 00 21 1D FF F7 F5 F9 01 21 08 46 70 BD 00 00 3C 05 00 20 E0 37 00 20 70 B5 C0 68
info,12001,数据传输,[固件升级] 发送数据帧 112/117（256 字节）
info,12001,数据帧,C4 68 00 2C 14 D0 04 F1 18 00 FF F7 87 F9 16 4D 28 6B A8 B1 04 F1 18 01 14 48 FF F7 DC F9 E0 6A 29 68 C9 6A 88 42 1C D9 01 20 01 21 E9 61 70 BD 50 20 80 F3 11 88 BF F3 4F 8F BF F3 6F 8F FE E7 20 1D FF F7 6B F9 E0 6A 29 69 88 42 00 D9 28 61 07 49 00 EB 80 00 01 EB 80 00 21 1D FF F7 BB F9 DD E7 00 20 70 BD 00 00 3C 05 00 20 68 3C 00 20 E0 37 00 20 2D E9 F0 47 00 24 00 27 2D 4D 28 6B
info,12001,数据帧,00 28 07 D0 FF F7 B4 F9 28 6B 40 1E 28 63 28 6B 40 B1 49 E0 50 20 80 F3 11 88 BF F3 4F 8F BF F3 6F 8F FE E7 A8 68 00 28 3E D0 23 4E 30 68 4F F0 01 08 00 B3 A6 F5 91 69 F0 68 C4 68 04 F1 18 00 FF F7 2C F9 20 1D FF F7 29 F9 E0 6A 29 69 88 42 00 D9 28 61 00 EB 80 00 09 EB 80 00 21 1D FF F7 7A F9 E0 6A 29 68 C9 6A 88 42 01 D3 C5 F8 1C 80 30 68 00 28 E0 D1 0C B1 FE F7 2A FF AC 69 4C B1
info,12001,数据传输,[固件升级] 发送数据帧 113/117（256 字节）
info,12001,数据帧,FF F7 D6 FE 08 B1 C5 F8 1C 80 64 1E 00 2C F7 D1 00 20 A8 61 E8 69 38 B1 01 27 08 49 38 07 08 60 BF F3 4F 8F BF F3 6F 8F FF F7 82 F9 38 46 BD E8 F0 87 00 00 3C 05 00 20 68 3C 00 20 04 ED 00 E0 30 B5 87 B0 00 24 FE F7 11 FC 13 4D 28 68 B0 B1 00 20 06 90 05 90 04 AA 05 A9 06 A8 FF F7 06 F9 05 99 06 98 02 22 00 92 01 91 02 90 00 23 0B A1 0C 48 04 9A FF F7 58 FE 68 60 00 B1 01 24 14 B1
info,12001,数据帧,07 B0 20 46 30 BD 50 20 80 F3 11 88 BF F3 4F 8F BF F3 6F 8F FE E7 00 00 78 05 00 20 54 6D 72 20 53 76 63 00 59 5F 0C 08 F0 B5 85 B0 84 46 0A 9D 16 46 1F 46 00 22 BC F1 00 0F 14 D0 16 4C 20 68 00 B3 00 91 01 96 CD F8 08 C0 06 29 1B DA FF F7 5B FE 02 28 0F D0 00 23 1A 46 69 46 20 68 FF F7 F1 FB 02 46 15 E0 50 20 80 F3 11 88 BF F3 4F 8F BF F3 6F 8F FE E7 00 23 2A 46 69 46 20 68 FF F7
info,12001,数据传输,[固件升级] 发送数据帧 114/117（256 字节）
info,12001,数据帧,E1 FB 02 46 05 E0 00 23 3A 46 69 46 FF F7 92 FC 02 46 05 B0 10 46 F0 BD 78 05 00 20 00 C1 81 40 01 C0 80 41 01 C0 80 41 00 C1 81 40 01 C0 80 41 00 C1 81 40 00 C1 81 40 01 C0 80 41 01 C0 80 41 00 C1 81 40 00 C1 81 40 01 C0 80 41 00 C1 81 40 01 C0 80 41 01 C0 80 41 00 C1 81 40 01 C0 80 41 00 C1 81 40 00 C1 81 40 01 C0 80 41 00 C1 81 40 01 C0 80 41 01 C0 80 41 00 C1 81 40 00 C1 81 40
info,12001,数据帧,01 C0 80 41 01 C0 80 41 00 C1 81 40 01 C0 80 41 00 C1 81 40 00 C1 81 40 01 C0 80 41 01 C0 80 41 00 C1 81 40 00 C1 81 40 01 C0 80 41 00 C1 81 40 01 C0 80 41 01 C0 80 41 00 C1 81 40 00 C1 81 40 01 C0 80 41 01 C0 80 41 00 C1 81 40 01 C0 80 41 00 C1 81 40 00 C1 81 40 01 C0 80 41 00 C1 81 40 01 C0 80 41 01 C0 80 41 00 C1 81 40 01 C0 80 41 00 C1 81 40 00 C1 81 40 01 C0 80 41 01 C0 80 41
info,12001,数据传输,[固件升级] 发送数据帧 115/117（256 字节）
info,12001,数据帧,00 C1 81 40 00 C1 81 40 01 C0 80 41 00 C1 81 40 01 C0 80 41 01 C0 80 41 00 C1 81 40 00 C0 C1 01 C3 03 02 C2 C6 06 07 C7 05 C5 C4 04 CC 0C 0D CD 0F CF CE 0E 0A CA CB 0B C9 09 08 C8 D8 18 19 D9 1B DB DA 1A 1E DE DF 1F DD 1D 1C DC 14 D4 D5 15 D7 17 16 D6 D2 12 13 D3 11 D1 D0 10 F0 30 31 F1 33 F3 F2 32 36 F6 F7 37 F5 35 34 F4 3C FC FD 3D FF 3F 3E FE FA 3A 3B FB 39 F9 F8 38 28 E8 E9 29
info,12001,数据帧,EB 2B 2A EA EE 2E 2F EF 2D ED EC 2C E4 24 25 E5 27 E7 E6 26 22 E2 E3 23 E1 21 20 E0 A0 60 61 A1 63 A3 A2 62 66 A6 A7 67 A5 65 64 A4 6C AC AD 6D AF 6F 6E AE AA 6A 6B AB 69 A9 A8 68 78 B8 B9 79 BB 7B 7A BA BE 7E 7F BF 7D BD BC 7C B4 74 75 B5 77 B7 B6 76 72 B2 B3 73 B1 71 70 B0 50 90 91 51 93 53 52 92 96 56 57 97 55 95 94 54 9C 5C 5D 9D 5F 9F 9E 5E 5A 9A 9B 5B 99 59 58 98 88 48 49 89
info,12001,数据传输,[固件升级] 发送数据帧 116/117（256 字节）
info,12001,数据帧,4B 8B 8A 4A 4E 8E 8F 4F 8D 4D 4C 8C 44 84 85 45 87 47 46 86 82 42 43 83 41 81 80 40 00 00 01 CC 01 D8 00 14 01 F0 00 3C 00 28 01 E4 01 A0 00 6C 00 78 01 B4 00 50 01 9C 01 88 00 44 08 74 0C 08 00 00 00 00 00 00 00 00 00 00 00 00 00 00 00 00 00 04 00 00 30 00 00 00 00 00 00 00 00 00 00 00 E4 73 0C 08 00 00 00 00 00 00 00 00 00 00 00 00 00 00 00 00 00 04 00 00 08 00 00 00 00 00 00 00
info,12001,数据帧,00 00 00 00 F0 73 0C 08 00 00 00 00 00 00 00 00 00 00 00 00 00 00 00 00 00 04 00 00 08 00 00 00 00 00 00 00 00 00 00 00 FC 73 0C 08 00 00 00 00 00 00 00 00 00 00 00 00 00 00 00 00 00 04 00 00 30 00 00 00 00 00 00 00 00 00 00 00 00 06 10 16 00 06 10 16 00 00 00 00 00 00 00 00 01 02 03 04 06 07 08 09 00 00 00 00 01 02 03 04 6D 79 54 61 73 6B 30 32 00 00 00 00 6D 79 54 61 73 6B 30 33
info,12001,数据传输,[固件升级] 发送最后一帧（158 字节，含 CRC 2 字节），等待响应
info,12001,数据帧,00 00 00 00 6D 79 54 61 73 6B 30 34 00 00 00 00 64 65 66 61 75 6C 74 54 61 73 6B 00 34 74 0C 08 00 00 00 20 C0 05 00 00 48 08 0C 08 94 74 0C 08 C0 05 00 20 B8 7E 00 00 FC 54 0C 08 C1 15 01 06 08 01 1C 02 5B AB 08 4A 04 10 11 3A 06 08 12 04 12 01 2D 01 60 0A 0A 16 22 03 02 17 A8 42 F0 94 20 32 32 C2 64 63 F4 01 03 10 08 07 12 02 D2 05 59 29 01 F9 02 FF FF 01 14 02 FF 01 02 FF 1E 01
info,12001,数据帧,58 02 17 01 32 C8 32 64 32 50 32 32 5A 19 2C 82 10 03 79 24 F4 1A AA 01 81 00 00 00 89 7D
info,12001,数据传输,[固件升级] 数据传输完成响应成功: 01 06 00 BB 00 00 F9 EF
info,12001,数据传输,[固件升级] 等待设备重启加载新固件 2000 ms
info,12001,版本验证,[固件升级] 发送获取版本号指令 (Modbus RTU): 01 04 00 15 00 01 20 0E
info,12001,版本验证,[固件升级] 收到版本号响应: 01 04 02 31 30 AC B4
info,12001,完成,[固件升级] 版本校对成功：当前 1.0，目标 1.0
info,12001,完成,[12001] 固件升级成功
